first_name,email,gender
Kacy Nester,knester0@homestead.com,Agender
Kelly Wellbelove,kwellbelove1@ehow.com,Polygender
Cindelyn Bryce,cbryce2@indiegogo.com,Female
Byrom Spellecy,bspellecy3@twitpic.com,Genderqueer
Wilmette Foskett,wfoskett4@jiathis.com,Polygender
Waverly Schiesterl,wschiesterl5@examiner.com,Agender
Tomasina Chese,tchese6@intel.com,Genderqueer
Hollyanne Gregr,hgregr7@altervista.org,Agender
Shalna Rutherford,srutherford8@xinhuanet.com,Genderqueer
Michelina Mc Ilwrick,mmc9@java.com,Bigender
Chad Leahair,cleahaira@chron.com,Genderfluid
Kiele Norvell,knorvellb@github.com,Bigender
Donica Aberhart,daberhartc@eventbrite.com,Bigender
Lucais Ettridge,lettridged@tripadvisor.com,Male
Bev Hatley,bhatleye@barnesandnoble.com,Genderqueer
Neil Judgkins,njudgkinsf@unc.edu,Non-binary
Muffin Meekins,mmeekinsg@umn.edu,Non-binary
Carter Tape,ctapeh@omniture.com,Agender
Bruis McAllister,bmcallisteri@feedburner.com,Female
Krystalle Kmietsch,kkmietschj@kickstarter.com,Genderfluid
Caresse Pendrich,cpendrichk@e-recht24.de,Genderfluid
Laura Guinan,lguinanl@toplist.cz,Polygender
Niven Gerty,ngertym@seesaa.net,Genderqueer
Nanice Twomey,ntwomeyn@time.com,Male
Massimiliano Merwood,mmerwoodo@list-manage.com,Female
Quincy Statham,qstathamp@addtoany.com,Agender
Yevette Windas,ywindasq@w3.org,Polygender
Emlynne Branch,ebranchr@sourceforge.net,Genderqueer
Candide Filippov,cfilippovs@unicef.org,Female
Julieta Pickavant,jpickavantt@unblog.fr,Agender
Elijah Cornillot,ecornillotu@etsy.com,Bigender
Dex Girhard,dgirhardv@amazon.de,Female
Otho Dewing,odewingw@technorati.com,Genderfluid
Patsy Leddy,pleddyx@wunderground.com,Female
Jourdain Ernke,jernkey@cloudflare.com,Male
Earlie MacInnes,emacinnesz@photobucket.com,Genderqueer
Jolie Aleksahkin,jaleksahkin10@blog.com,Female
Dick Norcross,dnorcross11@go.com,Agender
Krishna Barttrum,kbarttrum12@ocn.ne.jp,Genderfluid
Dirk Poluzzi,dpoluzzi13@unesco.org,Genderqueer
Moritz Bumphries,mbumphries14@home.pl,Female
Simon Madre,smadre15@typepad.com,Genderqueer
Fara Sheward,fsheward16@joomla.org,Male
Robyn Robroe,rrobroe17@admin.ch,Genderfluid
Guillema Pettwood,gpettwood18@yahoo.com,Agender
Dita Ree,dree19@jiathis.com,Non-binary
Ailbert Rodbourne,arodbourne1a@sciencedirect.com,Bigender
Petronilla Butfield,pbutfield1b@independent.co.uk,Agender
Loydie Stones,lstones1c@forbes.com,Bigender
Buddie Steckings,bsteckings1d@msn.com,Bigender
Fee Hinder,fhinder1e@phoca.cz,Male
Odelle Voff,ovoff1f@ucoz.ru,Non-binary
Cate Floyde,cfloyde1g@disqus.com,Polygender
Hamnet Jendrich,hjendrich1h@globo.com,Agender
Ronda Lavens,rlavens1i@google.co.jp,Polygender
Maurita Veelers,mveelers1j@economist.com,Male
Donna Tomowicz,dtomowicz1k@usgs.gov,Genderfluid
Kendre Doncaster,kdoncaster1l@yahoo.co.jp,Female
Wenona Pavlenko,wpavlenko1m@purevolume.com,Genderfluid
Cyndi Nairn,cnairn1n@addthis.com,Genderqueer
Sadye Eastwell,seastwell1o@infoseek.co.jp,Genderqueer
Cecilla Brandolini,cbrandolini1p@usa.gov,Genderfluid
Celene Aslen,caslen1q@dailymotion.com,Polygender
Virgie Record,vrecord1r@51.la,Agender
Roosevelt Nyssen,rnyssen1s@whitehouse.gov,Female
Madella Pierton,mpierton1t@geocities.com,Genderfluid
Sarine Witham,switham1u@abc.net.au,Male
Lucien Lukehurst,llukehurst1v@hc360.com,Non-binary
Dell Rydzynski,drydzynski1w@bizjournals.com,Genderqueer
Vittoria Kuhnel,vkuhnel1x@jigsy.com,Genderqueer
Maryrose de Clercq,mde1y@biblegateway.com,Female
Issie Prescote,iprescote1z@mediafire.com,Non-binary
Lek Flowitt,lflowitt20@google.com.hk,Non-binary
Durante Mosen,dmosen21@newyorker.com,Male
Kippie Domenget,kdomenget22@blinklist.com,Female
Adela Burel,aburel23@ucsd.edu,Female
Blinnie Lamont,blamont24@about.com,Bigender
Rasia Wildbore,rwildbore25@ning.com,Genderqueer
Bondon Canacott,bcanacott26@istockphoto.com,Genderfluid
Lorelle Kindread,lkindread27@blogger.com,Polygender
Torrence Cleary,tcleary28@hud.gov,Bigender
Ianthe Balcers,ibalcers29@latimes.com,Genderqueer
Rosy Goskar,rgoskar2a@icio.us,Genderqueer
Noella Baike,nbaike2b@ox.ac.uk,Genderfluid
Parsifal Rymell,prymell2c@sakura.ne.jp,Female
Olimpia Piegrome,opiegrome2d@usgs.gov,Male
Charlotta Pringuer,cpringuer2e@house.gov,Non-binary
Marijn Remmers,mremmers2f@senate.gov,Genderqueer
Afton Gocke,agocke2g@cdbaby.com,Male
Cody Gainsford,cgainsford2h@4shared.com,Polygender
Gavra Fittes,gfittes2i@360.cn,Polygender
Betty Ovill,bovill2j@chicagotribune.com,Non-binary
Damiano Zucker,dzucker2k@answers.com,Genderqueer
Shaun Whisson,swhisson2l@freewebs.com,Genderfluid
Trudi Brombell,tbrombell2m@nps.gov,Bigender
Caesar Sperry,csperry2n@army.mil,Genderqueer
Douglass Fittis,dfittis2o@redcross.org,Polygender
Verene Gillings,vgillings2p@hexun.com,Agender
Sheridan Roon,sroon2q@slideshare.net,Female
Angela Murname,amurname2r@rakuten.co.jp,Bigender
Corilla Garvan,cgarvan2s@ifeng.com,Genderqueer
Rhianon Mathwin,rmathwin2t@msn.com,Genderfluid
Bernadene Eaden,beaden2u@technorati.com,Male
Pietrek Rainey,prainey2v@whitehouse.gov,Female
Jammal Sizey,jsizey2w@techcrunch.com,Non-binary
Niki Natwick,nnatwick2x@dion.ne.jp,Non-binary
Kerwinn Northin,knorthin2y@soundcloud.com,Non-binary
Gordan Wallbridge,gwallbridge2z@shareasale.com,Bigender
Nicky Sprade,nsprade30@engadget.com,Male
Bo Surgenor,bsurgenor31@timesonline.co.uk,Non-binary
Catlin Dumingo,cdumingo32@mozilla.org,Non-binary
Maureen Feaveer,mfeaveer33@amazon.com,Female
Erny Leupoldt,eleupoldt34@zimbio.com,Bigender
Avigdor Lievesley,alievesley35@addtoany.com,Agender
Gae Clapp,gclapp36@ifeng.com,Polygender
Evania Linder,elinder37@opera.com,Genderqueer
Ruperta Gayforth,rgayforth38@odnoklassniki.ru,Genderqueer
Shelley Teasey,steasey39@networkadvertising.org,Polygender
Misty Piniur,mpiniur3a@latimes.com,Agender
Anton Roeby,aroeby3b@mlb.com,Polygender
Jeramey Willmer,jwillmer3c@squarespace.com,Non-binary
Fredra Langley,flangley3d@bloomberg.com,Bigender
Mellisent Primak,mprimak3e@epa.gov,Male
Penn Kobiela,pkobiela3f@blogger.com,Agender
Oberon Pasek,opasek3g@chronoengine.com,Bigender
Murdoch Comley,mcomley3h@simplemachines.org,Male
Susanna Menelaws,smenelaws3i@flickr.com,Bigender
Giustina Drysdall,gdrysdall3j@chicagotribune.com,Polygender
Wadsworth Guilder,wguilder3k@arizona.edu,Genderqueer
Theodora Aspinall,taspinall3l@symantec.com,Female
Em Pietzke,epietzke3m@cafepress.com,Bigender
Tawsha Scarf,tscarf3n@hud.gov,Bigender
Pincus Abbate,pabbate3o@goo.ne.jp,Polygender
Berkeley Bolles,bbolles3p@51.la,Bigender
Camilla Brenneke,cbrenneke3q@ameblo.jp,Bigender
Flora Chue,fchue3r@rambler.ru,Genderfluid
Thornton Elstub,telstub3s@mediafire.com,Bigender
Dasha Gilcriest,dgilcriest3t@github.io,Non-binary
Herta Corn,hcorn3u@moonfruit.com,Genderqueer
Cherilyn Lofting,clofting3v@unblog.fr,Non-binary
Chickie Jerram,cjerram3w@alibaba.com,Female
Miriam Neubigin,mneubigin3x@mysql.com,Female
Adriane MacComiskey,amaccomiskey3y@t-online.de,Genderfluid
Ivett Miell,imiell3z@diigo.com,Bigender
Perla Allman,pallman40@foxnews.com,Agender
Tiff Garm,tgarm41@amazon.de,Polygender
Adey Roycroft,aroycroft42@newyorker.com,Bigender
Sayers Mancer,smancer43@harvard.edu,Female
Kinnie Fritschel,kfritschel44@marketwatch.com,Genderqueer
Tommi Coolson,tcoolson45@wired.com,Male
Ronny Walbrook,rwalbrook46@joomla.org,Genderqueer
Mikkel Donald,mdonald47@cafepress.com,Bigender
Idelle Frudd,ifrudd48@engadget.com,Non-binary
Hendrik Basketter,hbasketter49@squarespace.com,Agender
Johanna Beacon,jbeacon4a@nyu.edu,Agender
Minetta Chapellow,mchapellow4b@cisco.com,Male
Faustine Hume,fhume4c@bigcartel.com,Bigender
Tommy D'Avaux,tdavaux4d@seesaa.net,Bigender
Micheline Clacey,mclacey4e@51.la,Male
Colene Ricciardo,cricciardo4f@mapquest.com,Bigender
Allie Forten,aforten4g@si.edu,Female
Sybil Downer,sdowner4h@deviantart.com,Agender
Prissie Fosberry,pfosberry4i@usnews.com,Bigender
Genny Joris,gjoris4j@blogs.com,Genderfluid
Krystyna Moorfield,kmoorfield4k@mozilla.com,Genderfluid
Cornie Speed,cspeed4l@msu.edu,Genderqueer
Lilia Kinnett,lkinnett4m@com.com,Polygender
Susie Ashton,sashton4n@typepad.com,Genderfluid
Dwight De Clairmont,dde4o@nifty.com,Female
Jamal Henstridge,jhenstridge4p@dmoz.org,Non-binary
Winnie Wainwright,wwainwright4q@cocolog-nifty.com,Genderfluid
Goldarina Rennocks,grennocks4r@4shared.com,Polygender
Thatch Scad,tscad4s@walmart.com,Genderqueer
Amalita Stoeckle,astoeckle4t@ovh.net,Bigender
Wandis Nucci,wnucci4u@weebly.com,Male
Darcee Read,dread4v@tuttocitta.it,Non-binary
Dorice De Freyne,dde4w@google.de,Female
Niki Parlott,nparlott4x@zdnet.com,Agender
Major Dunnan,mdunnan4y@zimbio.com,Female
Isiahi Whittleton,iwhittleton4z@squarespace.com,Genderqueer
Bartie Bawdon,bbawdon50@friendfeed.com,Bigender
Shay Sneesby,ssneesby51@google.com.au,Agender
Blair Borrott,bborrott52@jalbum.net,Genderfluid
Kellen Shovelbottom,kshovelbottom53@nyu.edu,Genderqueer
Audrie Stockney,astockney54@fema.gov,Female
Ellery Bowmaker,ebowmaker55@oakley.com,Female
Alleyn Tolan,atolan56@github.io,Female
Rocky Spykins,rspykins57@bizjournals.com,Genderqueer
Putnem Tasseler,ptasseler58@apple.com,Non-binary
Willard Phayre,wphayre59@paginegialle.it,Non-binary
Stesha Robertazzi,srobertazzi5a@behance.net,Male
Farand Buesnel,fbuesnel5b@mlb.com,Agender
Imelda Deware,ideware5c@friendfeed.com,Genderqueer
Koralle Quigg,kquigg5d@sun.com,Non-binary
Ellerey Guisler,eguisler5e@discovery.com,Female
Sianna Ezele,sezele5f@cocolog-nifty.com,Genderfluid
Brear Harrowsmith,bharrowsmith5g@prweb.com,Agender
Fredi Adkin,fadkin5h@mac.com,Polygender
Terrel Sheringham,tsheringham5i@trellian.com,Genderfluid
Noelani McFetridge,nmcfetridge5j@usgs.gov,Polygender
Lorne Reddan,lreddan5k@wsj.com,Agender
Glenda Conws,gconws5l@java.com,Genderfluid
Vincents Black,vblack5m@google.com.au,Male
Cissy Burstow,cburstow5n@miibeian.gov.cn,Genderqueer
Merle Nutt,mnutt5o@over-blog.com,Agender
Stu Mordin,smordin5p@fc2.com,Genderfluid
Raymund Gove,rgove5q@booking.com,Bigender
Anitra Sterricks,asterricks5r@skype.com,Genderqueer
Mil Bunt,mbunt5s@bbc.co.uk,Polygender
Kristan Winser,kwinser5t@moonfruit.com,Male
Kore Shepherd,kshepherd5u@miibeian.gov.cn,Male
Nikolaos Risley,nrisley5v@state.gov,Genderqueer
Gherardo Krzyzowski,gkrzyzowski5w@moonfruit.com,Non-binary
Felisha Oran,foran5x@webs.com,Genderqueer
Zabrina Aird,zaird5y@google.nl,Agender
Giselbert Glassman,gglassman5z@fema.gov,Non-binary
Chick Matissoff,cmatissoff60@wisc.edu,Bigender
Esmeralda Warr,ewarr61@wix.com,Non-binary
Kathlin Sciusscietto,ksciusscietto62@amazon.co.jp,Male
Claresta Dyett,cdyett63@google.it,Male
Jarred Whellams,jwhellams64@dell.com,Female
Malanie Baudichon,mbaudichon65@nymag.com,Non-binary
Northrop Greatreax,ngreatreax66@tinyurl.com,Male
Mela Gricewood,mgricewood67@yellowbook.com,Male
Maribel Worden,mworden68@wordpress.org,Bigender
Cyndie Bletsoe,cbletsoe69@twitpic.com,Polygender
Tiebout Jeandel,tjeandel6a@auda.org.au,Bigender
Broddie Clemendet,bclemendet6b@guardian.co.uk,Female
Linnea Troyes,ltroyes6c@newyorker.com,Agender
Jennette Feldhorn,jfeldhorn6d@cloudflare.com,Polygender
Rosemonde Tattersall,rtattersall6e@npr.org,Non-binary
Daisi Batty,dbatty6f@cbc.ca,Genderfluid
Devlen Bernli,dbernli6g@lulu.com,Female
Courtney Arrandale,carrandale6h@google.fr,Non-binary
Antons Tedder,atedder6i@wired.com,Male
Kelby Layton,klayton6j@joomla.org,Non-binary
Alexander Culleford,aculleford6k@feedburner.com,Bigender
Myrlene Blaine,mblaine6l@tumblr.com,Bigender
Laurel Claxton,lclaxton6m@cam.ac.uk,Genderfluid
Korey Fee,kfee6n@nasa.gov,Genderfluid
Olivier Rewcassell,orewcassell6o@redcross.org,Agender
Juliette Studd,jstudd6p@boston.com,Male
Katheryn Heymann,kheymann6q@imdb.com,Polygender
Homerus Vobes,hvobes6r@pinterest.com,Bigender
Jessi Kislingbury,jkislingbury6s@adobe.com,Non-binary
Bevan Work,bwork6t@nhs.uk,Agender
Oran Weller,oweller6u@blogger.com,Female
Annetta Peirce,apeirce6v@w3.org,Non-binary
Tildi Brise,tbrise6w@bloomberg.com,Bigender
Ulberto Lubman,ulubman6x@newyorker.com,Polygender
Francisca Croshaw,fcroshaw6y@statcounter.com,Agender
Maddi Sterndale,msterndale6z@etsy.com,Genderfluid
Cornall Sorley,csorley70@tiny.cc,Polygender
Tera Gallyhaock,tgallyhaock71@ow.ly,Agender
Liane Le Houx,lle72@dell.com,Agender
Rheta Demangeon,rdemangeon73@whitehouse.gov,Female
Sol Kaubisch,skaubisch74@miibeian.gov.cn,Genderfluid
Lauraine Merck,lmerck75@mashable.com,Male
Belvia Creeber,bcreeber76@w3.org,Genderfluid
Joey Fakeley,jfakeley77@google.com.au,Genderqueer
Brandyn Codd,bcodd78@deliciousdays.com,Genderfluid
Buddy Ettridge,bettridge79@wikispaces.com,Genderqueer
Silvan Peakman,speakman7a@columbia.edu,Genderqueer
Cicily Warrender,cwarrender7b@ameblo.jp,Genderfluid
Rosalynd Ugo,rugo7c@tinyurl.com,Genderqueer
Cullin Hackforth,chackforth7d@behance.net,Female
Cammi Chew,cchew7e@theguardian.com,Male
Korey Regina,kregina7f@dot.gov,Genderfluid
Westley Baselli,wbaselli7g@vk.com,Bigender
Agustin Richarz,aricharz7h@yellowbook.com,Bigender
Lulita Dancy,ldancy7i@wix.com,Polygender
Garvin Kleyn,gkleyn7j@mayoclinic.com,Genderfluid
Cherice Lucio,clucio7k@purevolume.com,Genderfluid
Lurline Keysall,lkeysall7l@psu.edu,Genderfluid
Ermin Dur,edur7m@tuttocitta.it,Agender
Jordanna Hardman,jhardman7n@edublogs.org,Bigender
Merrel Suarez,msuarez7o@privacy.gov.au,Male
Nelle Sherar,nsherar7p@printfriendly.com,Genderfluid
Bobbie Corker,bcorker7q@flickr.com,Non-binary
Novelia Guest,nguest7r@princeton.edu,Non-binary
Nickie Nowaczyk,nnowaczyk7s@usatoday.com,Bigender
Latrina Lovegrove,llovegrove7t@tuttocitta.it,Polygender
Ida Hendonson,ihendonson7u@nymag.com,Genderfluid
Norene Gaggen,ngaggen7v@mashable.com,Polygender
Lucho Lesley,llesley7w@nhs.uk,Male
Johnathon Rosendorf,jrosendorf7x@posterous.com,Non-binary
Cassandra Kershow,ckershow7y@wisc.edu,Female
Fern Cripwell,fcripwell7z@qq.com,Bigender
Willis Kingham,wkingham80@baidu.com,Polygender
Hort Vasilechko,hvasilechko81@nationalgeographic.com,Bigender
Bob Dicey,bdicey82@timesonline.co.uk,Agender
Alexandros Lyttle,alyttle83@4shared.com,Genderfluid
Kingston Robottom,krobottom84@sciencedaily.com,Genderfluid
Jeno Mc Caughan,jmc85@privacy.gov.au,Male
Gillie McDiarmid,gmcdiarmid86@usgs.gov,Bigender
Willa Tettley,wtettley87@booking.com,Agender
Mildrid Lapthorn,mlapthorn88@eepurl.com,Bigender
Verna Gremain,vgremain89@sciencedaily.com,Genderfluid
Sharlene Loveday,sloveday8a@mtv.com,Bigender
Constancy Adamek,cadamek8b@qq.com,Genderfluid
Hodge Paschek,hpaschek8c@china.com.cn,Agender
Franciskus Strasse,fstrasse8d@ihg.com,Female
Sofia Yearne,syearne8e@eventbrite.com,Genderfluid
Doloritas Mc Dermid,dmc8f@myspace.com,Agender
Donalt Storrock,dstorrock8g@exblog.jp,Agender
Leonerd Gillies,lgillies8h@cyberchimps.com,Genderfluid
Halimeda Esherwood,hesherwood8i@yellowpages.com,Bigender
Lon Wilcot,lwilcot8j@washington.edu,Polygender
Kinsley Percival,kpercival8k@com.com,Genderqueer
Robers Slaght,rslaght8l@walmart.com,Male
Gabby Sitch,gsitch8m@spiegel.de,Male
Randene Weare,rweare8n@artisteer.com,Polygender
Pryce Epsley,pepsley8o@squidoo.com,Polygender
Dorise Shreeves,dshreeves8p@geocities.jp,Female
Lurline Jennings,ljennings8q@reuters.com,Female
Corby Crisp,ccrisp8r@amazon.co.uk,Bigender
Rogers Karadzas,rkaradzas8s@arizona.edu,Bigender
Drusie Keasy,dkeasy8t@godaddy.com,Bigender
Farris Mc Ilwrick,fmc8u@angelfire.com,Genderqueer
Brenn Lukianovich,blukianovich8v@sbwire.com,Non-binary
Stormie Thurston,sthurston8w@bloglovin.com,Genderfluid
Del Ovanesian,dovanesian8x@topsy.com,Agender
Vonny Pally,vpally8y@sitemeter.com,Genderfluid
Brianna Meaders,bmeaders8z@biblegateway.com,Genderfluid
Adrianna Reaney,areaney90@japanpost.jp,Non-binary
Marguerite Clausewitz,mclausewitz91@weebly.com,Genderfluid
Quint Davidovitch,qdavidovitch92@hatena.ne.jp,Genderfluid
Hector Carlyle,hcarlyle93@umn.edu,Agender
Constantine Fridlington,cfridlington94@liveinternet.ru,Non-binary
Hy Blasetti,hblasetti95@tuttocitta.it,Female
Emilio Grimsley,egrimsley96@usa.gov,Genderfluid
Eula Boddington,eboddington97@jugem.jp,Genderqueer
Tildie Darville,tdarville98@discovery.com,Female
Thaddus Banger,tbanger99@newyorker.com,Polygender
Ebeneser Bryns,ebryns9a@pen.io,Female
Selene Lintall,slintall9b@fda.gov,Female
Marcelia Scully,mscully9c@jigsy.com,Polygender
Shaine Carlsen,scarlsen9d@51.la,Male
Timofei Devonald,tdevonald9e@virginia.edu,Genderfluid
Gusti Silby,gsilby9f@wp.com,Bigender
Alister Ivanikhin,aivanikhin9g@google.fr,Female
Sydney Fazan,sfazan9h@nature.com,Agender
Margette Britner,mbritner9i@wired.com,Agender
Carolan Andreotti,candreotti9j@free.fr,Male
Kristan Really,kreally9k@bing.com,Male
Bird Romagnosi,bromagnosi9l@typepad.com,Male
Jessamyn Hubeaux,jhubeaux9m@theguardian.com,Male
Erek Hughesdon,ehughesdon9n@prweb.com,Genderfluid
Armstrong Erickson,aerickson9o@com.com,Agender
Dyane Pariso,dpariso9p@redcross.org,Agender
Kathryne Lovett,klovett9q@360.cn,Genderfluid
Rodney Beningfield,rbeningfield9r@globo.com,Male
Emery Surgeon,esurgeon9s@hao123.com,Non-binary
Reta Comiskey,rcomiskey9t@omniture.com,Polygender
Lorrin Gartland,lgartland9u@gmpg.org,Genderqueer
Thorstein Laingmaid,tlaingmaid9v@vistaprint.com,Bigender
Cassondra Chelam,cchelam9w@vimeo.com,Agender
Lindsey Castro,lcastro9x@dot.gov,Genderqueer
Renaldo Domange,rdomange9y@baidu.com,Polygender
Bamby De Maine,bde9z@google.com.br,Agender
Crissie Crampin,ccrampina0@geocities.com,Female
Bamby Jerg,bjerga1@digg.com,Female
Igor Evered,ievereda2@geocities.jp,Genderfluid
Jonis McEvay,jmcevaya3@bluehost.com,Genderfluid
Doretta Skeat,dskeata4@zimbio.com,Agender
Ginger Bosnell,gbosnella5@hhs.gov,Male
Kari Troake,ktroakea6@disqus.com,Genderfluid
Berget Bamford,bbamforda7@economist.com,Bigender
Eve Nutkins,enutkinsa8@facebook.com,Bigender
Vincenz Saffran,vsaffrana9@patch.com,Agender
Boycey Larking,blarkingaa@homestead.com,Bigender
Rosalinde Gribben,rgribbenab@diigo.com,Polygender
Alikee Pegram,apegramac@hubpages.com,Male
Bird Cainey,bcaineyad@linkedin.com,Female
Byron Emblen,bemblenae@imdb.com,Polygender
Bonny Crabtree,bcrabtreeaf@gizmodo.com,Bigender
Raymund Buie,rbuieag@fema.gov,Agender
Garnette Pauletto,gpaulettoah@vimeo.com,Polygender
Benyamin Denton,bdentonai@plala.or.jp,Genderqueer
Alyse Briamo,abriamoaj@nifty.com,Male
Jamie Glancy,jglancyak@moonfruit.com,Bigender
Tann Statton,tstattonal@vistaprint.com,Non-binary
Dahlia Wehnerr,dwehnerram@ask.com,Agender
Julissa Winward,jwinwardan@miitbeian.gov.cn,Bigender
Latashia Hanscomb,lhanscombao@archive.org,Genderfluid
Simmonds Greatorex,sgreatorexap@illinois.edu,Bigender
Julie Kuschke,jkuschkeaq@dell.com,Agender
Eda Jeeves,ejeevesar@hp.com,Agender
Maiga Hollows,mhollowsas@parallels.com,Female
Ashlin Newbury,anewburyat@wordpress.org,Male
Briant Pittle,bpittleau@dagondesign.com,Female
Ebba Minithorpe,eminithorpeav@army.mil,Male
Biddie Francom,bfrancomaw@hud.gov,Male
Ursala Ruse,uruseax@1und1.de,Male
Gerri Stooders,gstoodersay@xrea.com,Non-binary
Nomi Grimley,ngrimleyaz@tmall.com,Male
Tania Honywill,thonywillb0@wikimedia.org,Genderqueer
Alfy Dowdam,adowdamb1@furl.net,Agender
Katrine Sewter,ksewterb2@bizjournals.com,Agender
Clarke Bartolacci,cbartolaccib3@apple.com,Female
Peyter Barta,pbartab4@economist.com,Genderqueer
Golda de Castelain,gdeb5@yahoo.com,Bigender
Cairistiona Emslie,cemslieb6@google.co.jp,Genderqueer
Celka Lafuente,clafuenteb7@creativecommons.org,Non-binary
Dorita Kuna,dkunab8@angelfire.com,Bigender
Kaia Gemson,kgemsonb9@jalbum.net,Non-binary
Cherida Pochin,cpochinba@amazonaws.com,Genderfluid
Kenon Crookshanks,kcrookshanksbb@msu.edu,Female
Imogene Zorzenoni,izorzenonibc@shareasale.com,Genderqueer
Gaven McAviy,gmcaviybd@lulu.com,Polygender
Phil Lafuente,plafuentebe@istockphoto.com,Agender
Carlita Winterbourne,cwinterbournebf@xrea.com,Genderqueer
Jerrilyn Wonfar,jwonfarbg@amazon.com,Male
Rainer Burner,rburnerbh@princeton.edu,Genderqueer
Aluino Tweed,atweedbi@umich.edu,Genderqueer
Ryon Rustidge,rrustidgebj@youtu.be,Polygender
Marguerite Strongitharm,mstrongitharmbk@tiny.cc,Male
Anjela Eschalotte,aeschalottebl@ycombinator.com,Non-binary
Drake Redhills,dredhillsbm@digg.com,Genderfluid
Patience Alcorn,palcornbn@reuters.com,Polygender
Maurice Garrat,mgarratbo@angelfire.com,Polygender
Truman Greenhead,tgreenheadbp@icio.us,Genderfluid
Gayelord Collin,gcollinbq@163.com,Polygender
Brianne Rubinowitsch,brubinowitschbr@spiegel.de,Male
Gilli Kiernan,gkiernanbs@nytimes.com,Genderqueer
Laurene Adcocks,ladcocksbt@i2i.jp,Genderfluid
Regan Donnellan,rdonnellanbu@guardian.co.uk,Genderqueer
Sandor Peebles,speeblesbv@4shared.com,Bigender
Wain Bulled,wbulledbw@bravesites.com,Agender
Findlay Matyushenko,fmatyushenkobx@mtv.com,Non-binary
Lori Story,lstoryby@opensource.org,Male
Drona Voller,dvollerbz@networksolutions.com,Bigender
Effie Hancill,ehancillc0@webmd.com,Agender
Ofelia Thonger,othongerc1@about.com,Female
Erma Gilpin,egilpinc2@arstechnica.com,Female
Durant Pavie,dpaviec3@alibaba.com,Genderqueer
Alano Herety,aheretyc4@lulu.com,Genderqueer
Jerrold Checo,jchecoc5@paypal.com,Bigender
Nananne Rowledge,nrowledgec6@themeforest.net,Genderfluid
Bianca Jeffress,bjeffressc7@edublogs.org,Non-binary
Fredi Goreisr,fgoreisrc8@java.com,Agender
Hans O'Neal,honealc9@google.com.br,Non-binary
Sergei Baccup,sbaccupca@cnet.com,Bigender
Sonny Moores,smoorescb@uiuc.edu,Non-binary
Derry Labrom,dlabromcc@google.co.uk,Genderqueer
Em Eagger,eeaggercd@amazon.de,Polygender
Jessamine Dixcee,jdixceece@berkeley.edu,Male
Winne Brackenridge,wbrackenridgecf@berkeley.edu,Female
Berta Havenhand,bhavenhandcg@guardian.co.uk,Non-binary
Marylynne Lurcock,mlurcockch@epa.gov,Agender
Jenilee Balentyne,jbalentyneci@globo.com,Genderqueer
Edgard Groves,egrovescj@ehow.com,Non-binary
Percy Kingscote,pkingscoteck@telegraph.co.uk,Non-binary
Gwyneth Speedy,gspeedycl@house.gov,Male
Ely Calcutt,ecalcuttcm@123-reg.co.uk,Bigender
Jessamyn Jiggen,jjiggencn@nyu.edu,Genderqueer
Kizzee Briat,kbriatco@yandex.ru,Bigender
Skylar Kennet,skennetcp@ameblo.jp,Agender
Martie Morrowe,mmorrowecq@gravatar.com,Agender
Darcey Kilbey,dkilbeycr@behance.net,Genderfluid
Michele Rawling,mrawlingcs@etsy.com,Genderqueer
Gennifer Notton,gnottonct@theguardian.com,Bigender
Suki Roget,srogetcu@shinystat.com,Agender
Marielle Pfeffle,mpfefflecv@cmu.edu,Genderqueer
Ardelis Skea,askeacw@wix.com,Male
Eirena Lesmonde,elesmondecx@theglobeandmail.com,Non-binary
Toby Zannutti,tzannutticy@blogger.com,Male
Myrtie Allawy,mallawycz@ustream.tv,Genderqueer
Melisent Sayer,msayerd0@mysql.com,Polygender
Luelle Duny,ldunyd1@sogou.com,Genderfluid
Margeaux Cobelli,mcobellid2@nih.gov,Agender
Arliene Keyme,akeymed3@lycos.com,Genderqueer
Jewel Fawlks,jfawlksd4@sfgate.com,Agender
Normie Dorrance,ndorranced5@elegantthemes.com,Polygender
Vivianna Mathen,vmathend6@cnet.com,Genderfluid
Emlen Roden,erodend7@hibu.com,Genderfluid
Terrel Bearcock,tbearcockd8@buzzfeed.com,Male
Lenore Mulrooney,lmulrooneyd9@census.gov,Genderfluid
Redd Cotton,rcottonda@123-reg.co.uk,Polygender
Rozanne Brehat,rbrehatdb@answers.com,Agender
Shara Kembery,skemberydc@oakley.com,Non-binary
Giovanna Klein,gkleindd@360.cn,Agender
Rickie Petriello,rpetriellode@usda.gov,Non-binary
Ynez Schult,yschultdf@yellowbook.com,Non-binary
Kiel MacDonald,kmacdonalddg@europa.eu,Non-binary
Florri Tullis,ftullisdh@hhs.gov,Agender
Saxe Wooffinden,swooffindendi@trellian.com,Bigender
Lynnelle Grimsdith,lgrimsdithdj@tuttocitta.it,Polygender
Dud Cestard,dcestarddk@biblegateway.com,Female
Chad Cochern,ccocherndl@narod.ru,Agender
Haze MacMychem,hmacmychemdm@acquirethisname.com,Male
Lothaire Stokes,lstokesdn@chicagotribune.com,Non-binary
Chicky Dictus,cdictusdo@51.la,Male
Damian Fausset,dfaussetdp@oakley.com,Bigender
Cindee Shirland,cshirlanddq@hud.gov,Genderqueer
Gib Cornthwaite,gcornthwaitedr@addtoany.com,Genderqueer
Lucine Royans,lroyansds@exblog.jp,Male
Jessa Pring,jpringdt@guardian.co.uk,Polygender
Maxie Faro,mfarodu@prweb.com,Agender
Ardene McLice,amclicedv@123-reg.co.uk,Genderqueer
Luce Coggles,lcogglesdw@over-blog.com,Agender
Bidget Pick,bpickdx@columbia.edu,Male
Spike Barker,sbarkerdy@ask.com,Polygender
Hobart McHardy,hmchardydz@edublogs.org,Genderqueer
Phaedra Debold,pdebolde0@quantcast.com,Bigender
Gabriella Udell,gudelle1@macromedia.com,Polygender
Jayne Megainey,jmegaineye2@salon.com,Genderfluid
Clemmie Cayser,ccaysere3@sitemeter.com,Male
Ernest Lisciandri,elisciandrie4@quantcast.com,Male
Rae Dunleavy,rdunleavye5@digg.com,Bigender
Andi Moakes,amoakese6@youtu.be,Male
Andy Jewise,ajewisee7@chicagotribune.com,Genderqueer
Lissi Alcide,lalcidee8@fda.gov,Female
Fayth Aleksashin,faleksashine9@nps.gov,Bigender
Iosep Clemente,iclementeea@4shared.com,Non-binary
Jacky Breawood,jbreawoodeb@jiathis.com,Genderfluid
Walt Kurdani,wkurdaniec@mashable.com,Polygender
Margarette Barrington,mbarringtoned@lulu.com,Bigender
Bebe Veall,bveallee@geocities.com,Polygender
Dahlia Hamly,dhamlyef@yale.edu,Female
Caprice Werny,cwernyeg@cafepress.com,Polygender
Dedie Attwood,dattwoodeh@webnode.com,Agender
Bertie Alexandrescu,balexandrescuei@devhub.com,Agender
Audi Swine,aswineej@soundcloud.com,Genderqueer
Sheelagh Brinkler,sbrinklerek@rakuten.co.jp,Genderfluid
Celina Tabner,ctabnerel@spiegel.de,Male
Bennett Tooher,btooherem@cbslocal.com,Agender
West Cundict,wcundicten@alibaba.com,Female
Shelba Hedman,shedmaneo@dell.com,Genderqueer
Axe Robroe,arobroeep@yolasite.com,Male
Jonas Davis,jdaviseq@storify.com,Bigender
Maje Sicely,msicelyer@ifeng.com,Agender
Phillipp Froment,pfromentes@wikipedia.org,Female
Leia Giovannoni,lgiovannoniet@cargocollective.com,Polygender
Cordelia Hammatt,chammatteu@jiathis.com,Genderqueer
Jordain Yallowley,jyallowleyev@taobao.com,Genderfluid
Leonelle Vials,lvialsew@nymag.com,Male
Pier Sharpe,psharpeex@blogspot.com,Agender
Glad Boarleyson,gboarleysoney@cargocollective.com,Male
Justinn Crutchley,jcrutchleyez@fastcompany.com,Polygender
Devin Tilio,dtiliof0@cbsnews.com,Non-binary
Carey Gowthrop,cgowthropf1@imdb.com,Polygender
Rayner Costan,rcostanf2@indiegogo.com,Genderqueer
Mattheus Cirlos,mcirlosf3@sourceforge.net,Genderfluid
Carlene Kording,ckordingf4@nyu.edu,Genderqueer
Alida Weed,aweedf5@dot.gov,Genderfluid
Kelwin Blazejewski,kblazejewskif6@archive.org,Male
Evyn Islep,eislepf7@stumbleupon.com,Male
Griswold Jephcott,gjephcottf8@wisc.edu,Bigender
Patty Harden,phardenf9@mac.com,Genderfluid
Stefa Flewitt,sflewittfa@odnoklassniki.ru,Genderfluid
Alec Chstney,achstneyfb@amazonaws.com,Female
Wade Stiggles,wstigglesfc@4shared.com,Genderfluid
Domingo Armer,darmerfd@hexun.com,Agender
Neddy Schleicher,nschleicherfe@devhub.com,Female
Sayres Geely,sgeelyff@mozilla.org,Genderqueer
Efrem Blondelle,eblondellefg@etsy.com,Non-binary
Codie Millam,cmillamfh@a8.net,Female
Mel Tofanelli,mtofanellifi@hubpages.com,Polygender
Shela Jeanin,sjeaninfj@usgs.gov,Bigender
Gustie Olligan,golliganfk@statcounter.com,Genderfluid
Hilton Sitch,hsitchfl@fotki.com,Genderfluid
Solly Kinworthy,skinworthyfm@accuweather.com,Female
Darlene Josefovic,djosefovicfn@blogs.com,Genderqueer
Nessa Marran,nmarranfo@samsung.com,Female
Dorise Nevinson,dnevinsonfp@comsenz.com,Agender
Wiatt Valencia,wvalenciafq@ehow.com,Non-binary
Nevins Parsall,nparsallfr@joomla.org,Genderfluid
Martynne MacIver,mmaciverfs@issuu.com,Male
Alric Minelli,aminellift@icio.us,Genderqueer
Eolanda Sustins,esustinsfu@amazon.de,Bigender
Brigham Thwaite,bthwaitefv@paginegialle.it,Non-binary
Laurella Walenta,lwalentafw@wunderground.com,Genderqueer
Bamby Hudleston,bhudlestonfx@gravatar.com,Bigender
Susana Bodimeade,sbodimeadefy@weibo.com,Bigender
Grantley Gisbey,ggisbeyfz@cocolog-nifty.com,Agender
Alma MacCaughey,amaccaugheyg0@ocn.ne.jp,Genderqueer
Boony Nolleth,bnollethg1@4shared.com,Agender
Kinsley Pimlott,kpimlottg2@com.com,Genderqueer
Bibby Loadman,bloadmang3@t-online.de,Agender
L;urette Sides,lsidesg4@dailymotion.com,Genderfluid
Nathanial Crinion,ncriniong5@symantec.com,Female
Evyn Brumfitt,ebrumfittg6@about.com,Non-binary
Abner Durbann,adurbanng7@parallels.com,Polygender
Penrod Hatchman,phatchmang8@ftc.gov,Genderqueer
Alva Sivess,asivessg9@loc.gov,Agender
Gypsy Cowans,gcowansga@flavors.me,Genderfluid
Loleta Rothon,lrothongb@hatena.ne.jp,Non-binary
Consuelo Kosel,ckoselgc@hugedomains.com,Agender
Doroteya Whinray,dwhinraygd@phoca.cz,Polygender
Perri Braghini,pbraghinige@ning.com,Bigender
Twyla Buncom,tbuncomgf@tumblr.com,Bigender
Mathew Elington,melingtongg@so-net.ne.jp,Female
Uta Heathorn,uheathorngh@oaic.gov.au,Genderqueer
Cesaro Drohan,cdrohangi@pcworld.com,Non-binary
Gareth Carlsen,gcarlsengj@yelp.com,Bigender
Meridel Daskiewicz,mdaskiewiczgk@gmpg.org,Genderqueer
Dalton McEntegart,dmcentegartgl@java.com,Male
Estel McNirlan,emcnirlangm@youtube.com,Agender
Georgette Scranedge,gscranedgegn@smugmug.com,Agender
Neysa Elgar,nelgargo@yolasite.com,Polygender
Dode Bortolotti,dbortolottigp@paginegialle.it,Male
Wald Boykett,wboykettgq@marketwatch.com,Agender
Jereme Shaplin,jshaplingr@yahoo.com,Non-binary
Tadio Artin,tartings@nbcnews.com,Agender
Selia Rentz,srentzgt@cnet.com,Genderfluid
Leda Eates,leatesgu@eventbrite.com,Agender
Nana McLeman,nmclemangv@privacy.gov.au,Agender
Ody Reichardt,oreichardtgw@geocities.jp,Female
Chrisy Platfoot,cplatfootgx@nydailynews.com,Genderqueer
Fin Pennicard,fpennicardgy@storify.com,Non-binary
Valentia Bithany,vbithanygz@wp.com,Agender
Sybyl Marshman,smarshmanh0@umn.edu,Agender
Farrah Limerick,flimerickh1@adobe.com,Agender
Wilek Wardhaw,wwardhawh2@census.gov,Genderqueer
Anthiathia Rhymes,arhymesh3@marketwatch.com,Genderfluid
Iosep Tomaschke,itomaschkeh4@list-manage.com,Genderqueer
Margarete Pinwell,mpinwellh5@phpbb.com,Bigender
Paulette Pettendrich,ppettendrichh6@npr.org,Agender
Norry Antcliff,nantcliffh7@so-net.ne.jp,Genderfluid
Hewie Callow,hcallowh8@flickr.com,Polygender
Karylin Forty,kfortyh9@tuttocitta.it,Bigender
Nickola Jesper,njesperha@businessinsider.com,Male
Isak McMechan,imcmechanhb@phpbb.com,Genderqueer
Inigo Nuemann,inuemannhc@technorati.com,Bigender
Ronnie Mundall,rmundallhd@miitbeian.gov.cn,Non-binary
Matilda Bourgour,mbourgourhe@geocities.jp,Genderqueer
Andrey Dawney,adawneyhf@craigslist.org,Agender
Andra Collman,acollmanhg@time.com,Genderqueer
Catlee Lantaff,clantaffhh@free.fr,Male
Ingunna Slorach,islorachhi@msu.edu,Polygender
Hube Kennler,hkennlerhj@qq.com,Male
Odo Whiles,owhileshk@networkadvertising.org,Agender
Janeta Loadman,jloadmanhl@tiny.cc,Genderfluid
Alysa Petrasch,apetraschhm@amazon.de,Bigender
Falito Van den Velde,fvanhn@dion.ne.jp,Non-binary
Sherrie Sherlock,ssherlockho@t.co,Genderfluid
Lexie Eakeley,leakeleyhp@umn.edu,Genderfluid
Caryn Eales,cealeshq@addthis.com,Bigender
Joshua Kivelle,jkivellehr@europa.eu,Agender
Mavis Brogini,mbroginihs@mit.edu,Genderfluid
Bryn Pace,bpaceht@list-manage.com,Agender
Nels Phillpot,nphillpothu@twitpic.com,Bigender
Blane Brook,bbrookhv@sphinn.com,Non-binary
Derrek Drissell,ddrissellhw@wix.com,Genderfluid
Jeanie Devall,jdevallhx@guardian.co.uk,Genderqueer
Jephthah Becarra,jbecarrahy@umich.edu,Female
Ulberto Gaudin,ugaudinhz@constantcontact.com,Male
Barde Euels,beuelsi0@illinois.edu,Female
Bellina Beinke,bbeinkei1@topsy.com,Bigender
Jeane Husbands,jhusbandsi2@wikipedia.org,Polygender
Averell Onge,aongei3@dropbox.com,Genderqueer
Emmit Wellbank,ewellbanki4@cnet.com,Polygender
Emmanuel Anstey,eansteyi5@blog.com,Female
Maurie Bartolomeo,mbartolomeoi6@dagondesign.com,Male
Zonnya Mathevon,zmathevoni7@typepad.com,Genderfluid
Frannie Tayt,ftayti8@wikimedia.org,Non-binary
Erena Chicchelli,echicchellii9@github.io,Bigender
Alvy Freshwater,afreshwateria@wufoo.com,Non-binary
Clifford Fidgett,cfidgettib@sina.com.cn,Female
Brandi Finnimore,bfinnimoreic@flavors.me,Bigender
Katusha Woodland,kwoodlandid@java.com,Male
Krista Haythorne,khaythorneie@ning.com,Genderqueer
Lynett Coope,lcoopeif@forbes.com,Genderqueer
Willi Webb,wwebbig@blogger.com,Polygender
Rosalie Aingel,raingelih@amazon.co.uk,Polygender
Domenic Stockney,dstockneyii@furl.net,Agender
Candice Lascelles,clascellesij@tumblr.com,Agender
Bram Wallwork,bwallworkik@ted.com,Agender
Honor Ahren,hahrenil@myspace.com,Non-binary
Suellen Fitzmaurice,sfitzmauriceim@wix.com,Polygender
Bail Orrocks,borrocksin@123-reg.co.uk,Female
Cherice Venneur,cvenneurio@photobucket.com,Non-binary
Eliza Truggian,etruggianip@nbcnews.com,Agender
Cher Vannucci,cvannucciiq@sun.com,Non-binary
Izaak Currall,icurrallir@pen.io,Genderfluid
Maurise Heck,mheckis@wp.com,Genderqueer
Padgett Maykin,pmaykinit@list-manage.com,Genderqueer
Willamina Pearlman,wpearlmaniu@sogou.com,Genderfluid
Forrester Lambirth,flambirthiv@examiner.com,Male
Deane Brockelsby,dbrockelsbyiw@apache.org,Polygender
Andras Aggis,aaggisix@tamu.edu,Polygender
Ive Towsie,itowsieiy@yahoo.com,Female
Sholom McCafferky,smccafferkyiz@forbes.com,Genderqueer
Celinda Wyndham,cwyndhamj0@msn.com,Non-binary
Imelda Lowmass,ilowmassj1@dropbox.com,Bigender
Jenine Keeri,jkeerij2@freewebs.com,Agender
Tiffanie Bladesmith,tbladesmithj3@columbia.edu,Polygender
Jereme Alabaster,jalabasterj4@bandcamp.com,Genderfluid
Antonio Gianneschi,agianneschij5@census.gov,Bigender
Yorgo Ecob,yecobj6@mediafire.com,Non-binary
Leonidas Maudlin,lmaudlinj7@reference.com,Genderqueer
Aristotle Duer,aduerj8@ycombinator.com,Agender
Glen McAster,gmcasterj9@reverbnation.com,Female
Baron Knevett,bknevettja@rambler.ru,Non-binary
Saunders Jochens,sjochensjb@mapy.cz,Female
Ina Dibbe,idibbejc@angelfire.com,Agender
Christiane Thoma,cthomajd@blogtalkradio.com,Polygender
Bowie Pullman,bpullmanje@mozilla.org,Polygender
Huntley Tearle,htearlejf@etsy.com,Bigender
Cristen Rojas,crojasjg@tripadvisor.com,Genderqueer
Ardelle Barday,abardayjh@hatena.ne.jp,Female
Audy Bessett,abessettji@paginegialle.it,Genderfluid
Parker Tylor,ptylorjj@chron.com,Agender
Marlena Stickels,mstickelsjk@nydailynews.com,Male
Rik Tippin,rtippinjl@smugmug.com,Female
Gianna Chattaway,gchattawayjm@house.gov,Non-binary
Amelia Cleeton,acleetonjn@ft.com,Genderfluid
Gan Brown,gbrownjo@123-reg.co.uk,Non-binary
Rosemarie Ballance,rballancejp@yelp.com,Male
Latrena Avo,lavojq@china.com.cn,Genderqueer
Aarika Jellico,ajellicojr@hhs.gov,Polygender
Myrlene McIlmurray,mmcilmurrayjs@amazon.co.uk,Female
Jimmie Cheetham,jcheethamjt@arstechnica.com,Genderfluid
Elton Keggin,ekegginju@plala.or.jp,Genderfluid
Noam Chartre,nchartrejv@vkontakte.ru,Genderqueer
Maurene Cleveland,mclevelandjw@wired.com,Agender
Georgie Truin,gtruinjx@adobe.com,Genderfluid
Tove MacGaffey,tmacgaffeyjy@taobao.com,Polygender
Rudolph Stirrip,rstirripjz@soundcloud.com,Male
Marlyn Spring,mspringk0@hao123.com,Bigender
Cornela Ablewhite,cablewhitek1@cyberchimps.com,Female
Alia Sea,aseak2@java.com,Genderqueer
Richy Bleasdale,rbleasdalek3@narod.ru,Non-binary
Reggie Teasdale,rteasdalek4@wikia.com,Non-binary
Shalna Caltun,scaltunk5@cloudflare.com,Genderfluid
Ian Hurche,ihurchek6@ehow.com,Bigender
Elinor Gunby,egunbyk7@tamu.edu,Genderqueer
Berk Quakley,bquakleyk8@mapquest.com,Genderfluid
Ardelle Bryce,abrycek9@un.org,Genderqueer
Stuart Sainsbury,ssainsburyka@wordpress.org,Genderqueer
Ester Singh,esinghkb@mashable.com,Genderfluid
Eli Dulinty,edulintykc@accuweather.com,Genderfluid
Abram Flageul,aflageulkd@g.co,Agender
Belinda Forker,bforkerke@addthis.com,Bigender
Demetris Mayworth,dmayworthkf@sakura.ne.jp,Female
Marna Crat,mcratkg@timesonline.co.uk,Female
Callida Helstrip,chelstripkh@joomla.org,Bigender
Terry Durrad,tdurradki@printfriendly.com,Genderqueer
Vittorio Patington,vpatingtonkj@nasa.gov,Non-binary
Traver Brayson,tbraysonkk@bing.com,Agender
Rossie Swinfon,rswinfonkl@seesaa.net,Polygender
Zerk Lippi,zlippikm@admin.ch,Polygender
Evvie Timms,etimmskn@ox.ac.uk,Polygender
Anstice Assiter,aassiterko@scribd.com,Genderqueer
Joey Parkey,jparkeykp@redcross.org,Bigender
Lara Kilty,lkiltykq@vistaprint.com,Non-binary
Lyman McEnteggart,lmcenteggartkr@lycos.com,Genderqueer
Anetta Sleeford,asleefordks@nba.com,Polygender
Nanci Simcox,nsimcoxkt@wufoo.com,Polygender
Betta Philippet,bphilippetku@bloomberg.com,Non-binary
Padraig Daveren,pdaverenkv@uol.com.br,Female
Kettie Litel,klitelkw@merriam-webster.com,Female
Charissa Usherwood,cusherwoodkx@youtube.com,Genderqueer
Norrie Bulfield,nbulfieldky@chron.com,Polygender
Lauralee Perott,lperottkz@ifeng.com,Polygender
Leighton Goodoune,lgoodounel0@google.pl,Genderqueer
Sheree Dracksford,sdracksfordl1@bloglovin.com,Polygender
Kerstin Barbrick,kbarbrickl2@imdb.com,Polygender
Darby Bril,dbrill3@newsvine.com,Polygender
Jeffie Logie,jlogiel4@dailymail.co.uk,Female
Kellyann Hanham,khanhaml5@independent.co.uk,Genderqueer
Heddi Hollerin,hhollerinl6@artisteer.com,Female
Jeniece Mushawe,jmushawel7@comsenz.com,Male
Teriann Scarbarrow,tscarbarrowl8@youtu.be,Male
Nydia Trusse,ntrussel9@dion.ne.jp,Polygender
Elaine Iacopo,eiacopola@imageshack.us,Genderfluid
Nanny Caso,ncasolb@about.com,Male
Pamella Musselwhite,pmusselwhitelc@dmoz.org,Male
Dayna Patemore,dpatemoreld@usatoday.com,Polygender
Zollie Gallop,zgallople@wunderground.com,Non-binary
Tine O'Henery,tohenerylf@eepurl.com,Genderfluid
Albertine Foux,afouxlg@jigsy.com,Female
Justino De Roberto,jdelh@dedecms.com,Male
Gelya Greenough,ggreenoughli@google.fr,Agender
Marie Maloney,mmaloneylj@prnewswire.com,Female
Luciano Pencot,lpencotlk@opensource.org,Female
Heath Butteris,hbutterisll@usnews.com,Female
Dud Allchorne,dallchornelm@nifty.com,Non-binary
Celinda Lottrington,clottringtonln@shop-pro.jp,Bigender
Alexandr Lambie,alambielo@uol.com.br,Bigender
Payton Wyllie,pwyllielp@wiley.com,Female
Mahala Lilywhite,mlilywhitelq@dailymotion.com,Male
Minna Peaker,mpeakerlr@japanpost.jp,Female
Field O'Mara,fomarals@pbs.org,Genderqueer
Kathleen Raffels,kraffelslt@skyrock.com,Genderqueer
Amalle Praill,aprailllu@over-blog.com,Genderfluid
Barb Meus,bmeuslv@vkontakte.ru,Polygender
Cassi Deavall,cdeavalllw@google.com.hk,Genderfluid
Kerianne Rudloff,krudlofflx@purevolume.com,Bigender
Jessamyn Busch,jbuschly@list-manage.com,Polygender
Alfi Grangier,agrangierlz@marriott.com,Female
Adair Pesselt,apesseltm0@topsy.com,Female
Dorene Oldknowe,doldknowem1@over-blog.com,Genderfluid
Stefa Behnke,sbehnkem2@arizona.edu,Agender
Gabriell Madner,gmadnerm3@rambler.ru,Polygender
Orella Ghelarducci,oghelarduccim4@tmall.com,Non-binary
Guthrey Morlon,gmorlonm5@hhs.gov,Genderqueer
Amble Dahl,adahlm6@privacy.gov.au,Female
Kylie Connolly,kconnollym7@lulu.com,Genderqueer
Brigit Jovic,bjovicm8@census.gov,Agender
Chev Duhig,cduhigm9@photobucket.com,Bigender
Morgun de la Tremoille,mdema@gravatar.com,Male
Jacques Pigeram,jpigerammb@army.mil,Bigender
Katine Roy,kroymc@sogou.com,Agender
Laurie Nono,lnonomd@mozilla.org,Male
Koren Lannen,klannenme@intel.com,Female
Marrilee Iannello,miannellomf@stumbleupon.com,Polygender
Margit Pilipyak,mpilipyakmg@exblog.jp,Genderfluid
Manya Hickinbottom,mhickinbottommh@w3.org,Female
Ulick Tumpane,utumpanemi@ezinearticles.com,Genderfluid
Andria Lapley,alapleymj@tumblr.com,Female
Marina Runcieman,mrunciemanmk@nhs.uk,Male
Lexie Wetherell,lwetherellml@paypal.com,Female
Emilio Sturman,esturmanmm@stumbleupon.com,Non-binary
Matilde Karpets,mkarpetsmn@mlb.com,Non-binary
Carlye Algar,calgarmo@bing.com,Male
Clarisse Rozea,crozeamp@cpanel.net,Female
Daphna Chiplen,dchiplenmq@nps.gov,Genderfluid
Cleo Bleything,cbleythingmr@irs.gov,Genderqueer
Mariam Golledge,mgolledgems@geocities.jp,Non-binary
Blakeley Foynes,bfoynesmt@hp.com,Male
Portie Clutram,pclutrammu@pen.io,Male
Ken Roache,kroachemv@deviantart.com,Female
Marlow Hallford,mhallfordmw@timesonline.co.uk,Genderqueer
Tad Lally,tlallymx@admin.ch,Male
Lindsey Commins,lcomminsmy@npr.org,Genderqueer
Lavena MacCrann,lmaccrannmz@51.la,Genderqueer
Hedvig Bernaldo,hbernaldon0@newyorker.com,Genderqueer
Thurston Macveigh,tmacveighn1@unc.edu,Agender
Kirk Purdey,kpurdeyn2@examiner.com,Genderfluid
Cordelia Silcox,csilcoxn3@google.it,Non-binary
Ardine Rizzolo,arizzolon4@nifty.com,Bigender
Dene McHenry,dmchenryn5@yahoo.com,Polygender
Gustaf Hortop,ghortopn6@hibu.com,Non-binary
Reinald Bachura,rbachuran7@wufoo.com,Non-binary
Jon Goffe,jgoffen8@over-blog.com,Non-binary
Theodore Bentke,tbentken9@sina.com.cn,Bigender
Freddi Nowill,fnowillna@last.fm,Genderfluid
Eugenie Gange,egangenb@vistaprint.com,Agender
Pris Rogeron,progeronnc@i2i.jp,Polygender
Orland Mulhill,omulhillnd@slate.com,Polygender
Georas Redmire,gredmirene@aol.com,Female
Frans Vasilmanov,fvasilmanovnf@google.nl,Genderfluid
Clevey Bridgeland,cbridgelandng@wiley.com,Male
Iggie Gath,igathnh@army.mil,Male
Wendy Letts,wlettsni@hhs.gov,Agender
Glynis Hurtado,ghurtadonj@guardian.co.uk,Agender
Lucine Cumberlidge,lcumberlidgenk@upenn.edu,Agender
Korrie Stoffler,kstofflernl@nasa.gov,Agender
Kathy Bygreaves,kbygreavesnm@blogtalkradio.com,Agender
Terencio McCullen,tmccullennn@rambler.ru,Male
Rozelle Pill,rpillno@npr.org,Genderfluid
Mariya Cocklin,mcocklinnp@netvibes.com,Agender
Jami Legrice,jlegricenq@tripadvisor.com,Female
Esme Helling,ehellingnr@instagram.com,Non-binary
Ted Chadbourne,tchadbournens@t.co,Non-binary
Georgena Rosa,grosant@businessinsider.com,Polygender
Kerry Vibert,kvibertnu@wikia.com,Male
Sara Ginnety,sginnetynv@unicef.org,Non-binary
Giustina Dixon,gdixonnw@amazon.co.uk,Genderqueer
Consuelo Chattoe,cchattoenx@is.gd,Genderfluid
Margy Handaside,mhandasideny@si.edu,Bigender
Ophelie Millis,omillisnz@vkontakte.ru,Genderfluid
Myriam Lobley,mlobleyo0@pcworld.com,Female
Lucila Driscoll,ldriscollo1@phpbb.com,Female
Jesselyn Steels,jsteelso2@behance.net,Bigender
Andre Robertucci,arobertuccio3@yelp.com,Genderqueer
Meagan Fraschetti,mfraschettio4@shutterfly.com,Bigender
Godwin Jiru,gjiruo5@devhub.com,Genderqueer
Leanna O'Shiels,loshielso6@etsy.com,Genderfluid
Tricia Vischi,tvischio7@wp.com,Polygender
Oswald Wemyss,owemysso8@theglobeandmail.com,Agender
Palmer MacRory,pmacroryo9@squidoo.com,Genderqueer
Jsandye Siggs,jsiggsoa@nymag.com,Female
Falkner McNeigh,fmcneighob@live.com,Bigender
Raychel Repp,rreppoc@unesco.org,Bigender
Jake McKiddin,jmckiddinod@wix.com,Genderqueer
Benedikt Saffrin,bsaffrinoe@squarespace.com,Agender
Gabrila Sedgefield,gsedgefieldof@cbslocal.com,Polygender
Antoni Scargill,ascargillog@symantec.com,Bigender
Julio Fareweather,jfareweatheroh@gov.uk,Bigender
Isabelle Cogdon,icogdonoi@dot.gov,Bigender
Clywd Millan,cmillanoj@sakura.ne.jp,Non-binary
Fowler Fishly,ffishlyok@ucoz.ru,Polygender
Cary Geertz,cgeertzol@miibeian.gov.cn,Polygender
Matthew Keuning,mkeuningom@reference.com,Non-binary
Dorey Mangenot,dmangenoton@domainmarket.com,Non-binary
Cosette Smogur,csmoguroo@google.it,Genderfluid
Nerta Lytle,nlytleop@vinaora.com,Bigender
Clovis Le Friec,cleoq@moonfruit.com,Bigender
Cort Coker,ccokeror@samsung.com,Genderqueer
Mohammed Gilmore,mgilmoreos@jalbum.net,Polygender
Etienne Marcus,emarcusot@linkedin.com,Male
Killie Triswell,ktriswellou@example.com,Genderfluid
Leonie Castillon,lcastillonov@canalblog.com,Non-binary
Marianna Vicarey,mvicareyow@rambler.ru,Polygender
Phyllida Budding,pbuddingox@bizjournals.com,Female
Cyrus Ragles,craglesoy@bbb.org,Female
Mohandas Haymes,mhaymesoz@artisteer.com,Genderfluid
Benjie Forman,bformanp0@economist.com,Genderqueer
Abeu Axup,aaxupp1@blinklist.com,Female
Kurtis Sabate,ksabatep2@sfgate.com,Polygender
Kristofer Upfold,kupfoldp3@infoseek.co.jp,Female
Donn Willmett,dwillmettp4@intel.com,Genderfluid
Jocelyne Rhodus,jrhodusp5@freewebs.com,Bigender
Gerti Bruniges,gbrunigesp6@homestead.com,Bigender
Nickolaus Mouser,nmouserp7@google.fr,Genderfluid
Gage Keson,gkesonp8@mlb.com,Genderqueer
Galina Napier,gnapierp9@ovh.net,Male
Kass Bollom,kbollompa@sphinn.com,Agender
Mitchael Nelhams,mnelhamspb@angelfire.com,Polygender
Brook Jeannequin,bjeannequinpc@jimdo.com,Female
Jone Hackett,jhackettpd@pagesperso-orange.fr,Agender
Cosette Hrishanok,chrishanokpe@domainmarket.com,Bigender
Brit Rankmore,brankmorepf@friendfeed.com,Agender
Pat Assante,passantepg@illinois.edu,Male
Korella Dakhov,kdakhovph@nbcnews.com,Genderqueer
Audrie Squirrell,asquirrellpi@time.com,Male
Blakelee Denziloe,bdenziloepj@un.org,Genderqueer
Wade Brounfield,wbrounfieldpk@nyu.edu,Non-binary
Holli Fulks,hfulkspl@jugem.jp,Genderqueer
Etan Leal,elealpm@cnn.com,Genderqueer
Rosamond Keigher,rkeigherpn@symantec.com,Male
Melessa Peppin,mpeppinpo@time.com,Bigender
Corney Garbott,cgarbottpp@gizmodo.com,Agender
Van Espada,vespadapq@yahoo.com,Agender
Angel Elix,aelixpr@cornell.edu,Genderfluid
Karola Lowdyane,klowdyaneps@ebay.co.uk,Bigender
Annalee Gloves,aglovespt@storify.com,Genderqueer
Valentina Mayne,vmaynepu@dailymotion.com,Male
Hercules Guilaem,hguilaempv@wikipedia.org,Genderfluid
Marti Renner,mrennerpw@tripadvisor.com,Genderqueer
Modestia Dufer,mduferpx@w3.org,Polygender
Diana Boniface,dbonifacepy@fc2.com,Female
Terrill Usborn,tusbornpz@sbwire.com,Female
Shirleen Bolding,sboldingq0@skyrock.com,Male
Randy Blackham,rblackhamq1@youtube.com,Bigender
Myrtia Eyam,meyamq2@facebook.com,Non-binary
Jodi Clears,jclearsq3@rakuten.co.jp,Genderfluid
Nadiya Whitehall,nwhitehallq4@flavors.me,Male
Kerrill Devennie,kdevennieq5@hibu.com,Bigender
Sada Bullock,sbullockq6@google.cn,Agender
Gene Giblin,ggiblinq7@usgs.gov,Polygender
Filide Rabjohns,frabjohnsq8@virginia.edu,Female
Emmanuel Bratcher,ebratcherq9@unesco.org,Agender
Maynord Bacher,mbacherqa@google.com.br,Genderfluid
Haley Anscott,hanscottqb@hatena.ne.jp,Bigender
Valentina Bessell,vbessellqc@twitpic.com,Female
Arlina Vazquez,avazquezqd@tripadvisor.com,Polygender
Trent Pratt,tprattqe@addthis.com,Non-binary
Jilli Everington,jeveringtonqf@miitbeian.gov.cn,Genderfluid
Berry Lonergan,blonerganqg@w3.org,Male
Vachel Goschalk,vgoschalkqh@java.com,Female
Tann Manicomb,tmanicombqi@infoseek.co.jp,Female
Idalina Tremlett,itremlettqj@deliciousdays.com,Non-binary
Anderea Langmaid,alangmaidqk@google.pl,Polygender
Briant Backwell,bbackwellql@phpbb.com,Female
Dell Shapland,dshaplandqm@alibaba.com,Polygender
Clio Reape,creapeqn@china.com.cn,Bigender
Clementine MacFaell,cmacfaellqo@google.fr,Polygender
Antin Chieco,achiecoqp@usnews.com,Non-binary
Barney Golland,bgollandqq@wikipedia.org,Polygender
Catharina Spelsbury,cspelsburyqr@abc.net.au,Genderfluid
Laure O' Reagan,loqs@elegantthemes.com,Genderfluid
Dione Terren,dterrenqt@arstechnica.com,Genderqueer
Bent McGinlay,bmcginlayqu@discovery.com,Genderqueer
Alair Cossum,acossumqv@amazonaws.com,Male
Lyman Kerrich,lkerrichqw@constantcontact.com,Genderqueer
Albie Swatman,aswatmanqx@wikipedia.org,Agender
Marysa Jossum,mjossumqy@deviantart.com,Bigender
Ford Mannering,fmanneringqz@pinterest.com,Polygender
Clemente Moodey,cmoodeyr0@sun.com,Agender
Bev Loveitt,bloveittr1@liveinternet.ru,Non-binary
Hermine Attewell,hattewellr2@wp.com,Male
Conny Edelmann,cedelmannr3@dot.gov,Female
Geordie Shrimptone,gshrimptoner4@a8.net,Female
Pammy Charteris,pcharterisr5@google.ca,Non-binary
Koenraad Lount,klountr6@pagesperso-orange.fr,Genderfluid
Ruben Akett,rakettr7@chicagotribune.com,Non-binary
Demetra Robertazzi,drobertazzir8@google.com.br,Non-binary
Elisha Stileman,estilemanr9@nih.gov,Non-binary
Vachel Haggeth,vhaggethra@tinyurl.com,Polygender
Jenn Pinsent,jpinsentrb@163.com,Female
Kristan Emblow,kemblowrc@hao123.com,Bigender
Leicester Schruur,lschruurrd@taobao.com,Bigender
Rene Glazzard,rglazzardre@barnesandnoble.com,Agender
Mufi Titterell,mtitterellrf@fc2.com,Male
Agnella Stainton - Skinn,astaintonrg@paginegialle.it,Female
Keefe Wasmuth,kwasmuthrh@homestead.com,Polygender
Donia Garm,dgarmri@sina.com.cn,Genderqueer
Petronella Brydell,pbrydellrj@bigcartel.com,Agender
Ronald Kubanek,rkubanekrk@google.nl,Bigender
Gil Cobb,gcobbrl@nbcnews.com,Non-binary
Fidela Fernely,ffernelyrm@scientificamerican.com,Genderqueer
Jamie Minards,jminardsrn@g.co,Female
Clywd Percy,cpercyro@hp.com,Genderqueer
Josefa Abilowitz,jabilowitzrp@webs.com,Male
Michail Oneal,monealrq@prnewswire.com,Bigender
Fairfax Hugnet,fhugnetrr@a8.net,Bigender
