first_name,email,gender
Dottie Bulgen,dbulgen0@addthis.com,Female
Moe Lidgard,mlidgard1@moonfruit.com,Bigender
Rana Odegaard,rodegaard2@icio.us,Bigender
Cobbie Scargle,cscargle3@alexa.com,Genderfluid
Beverlie Gudde,bgudde4@printfriendly.com,Female
Elbert Cowerd,ecowerd5@goodreads.com,Genderqueer
Beatrix Plumm,bplumm6@wunderground.com,Bigender
Cesar Seton,cseton7@vimeo.com,Male
Francyne Renwick,frenwick8@skyrock.com,Female
Ira Scrine,iscrine9@privacy.gov.au,Female
Morena Huntingford,mhuntingforda@imdb.com,Bigender
Freddy Campbell,fcampbellb@pcworld.com,Polygender
Damita Sambell,dsambellc@seesaa.net,Female
Marlena Slegg,msleggd@kickstarter.com,Non-binary
Katine Tysall,ktysalle@nytimes.com,Polygender
Tallulah Bassam,tbassamf@soundcloud.com,Genderqueer
Daveta Emmens,demmensg@soup.io,Bigender
Petra Ollarenshaw,pollarenshawh@trellian.com,Agender
Zacharias Southby,zsouthbyi@adobe.com,Male
Gualterio Hobble,ghobblej@example.com,Polygender
Adelaida Champniss,achampnissk@rediff.com,Polygender
Cornelius Laybourn,claybournl@com.com,Non-binary
Stevena Bony,sbonym@cpanel.net,Agender
Felita Colnet,fcolnetn@ocn.ne.jp,Non-binary
Emeline Bayne,ebayneo@wsj.com,Polygender
Phelia Petrik,ppetrikp@businessinsider.com,Genderqueer
Sallyanne Halahan,shalahanq@whitehouse.gov,Polygender
Thorpe Donaldson,tdonaldsonr@surveymonkey.com,Genderfluid
Aubrey Bett,abetts@wired.com,Genderfluid
Findley Stell,fstellt@upenn.edu,Female
Luca Falkus,lfalkusu@indiatimes.com,Male
Ida Fockes,ifockesv@columbia.edu,Male
Heddie Ringer,hringerw@sohu.com,Polygender
Yard Bartels,ybartelsx@vinaora.com,Genderfluid
Lamont Glayzer,lglayzery@time.com,Male
Shirleen Boult,sboultz@uiuc.edu,Polygender
Cristin Kilcullen,ckilcullen10@ifeng.com,Genderfluid
Odette Denkel,odenkel11@addtoany.com,Non-binary
Anneliese Barden,abarden12@topsy.com,Agender
Bern Simmons,bsimmons13@intel.com,Genderfluid
Jordan Chopin,jchopin14@bloglovin.com,Female
Camala Cardillo,ccardillo15@qq.com,Genderqueer
Laurens Gipps,lgipps16@samsung.com,Bigender
Sonny Budgey,sbudgey17@purevolume.com,Agender
Kara-lynn Humblestone,khumblestone18@paginegialle.it,Male
Burl Couper,bcouper19@topsy.com,Polygender
Anestassia Uttley,auttley1a@usa.gov,Bigender
Carson Pantone,cpantone1b@mapquest.com,Genderqueer
Denice Murkus,dmurkus1c@imgur.com,Genderqueer
Brena Yantsurev,byantsurev1d@jimdo.com,Male
Waly Heintz,wheintz1e@simplemachines.org,Agender
Griffie MacCleod,gmaccleod1f@aol.com,Agender
Garrett Pracy,gpracy1g@cornell.edu,Non-binary
Hashim Hardy-Piggin,hhardypiggin1h@si.edu,Genderfluid
Fancie Whatson,fwhatson1i@apache.org,Polygender
Witty Rennard,wrennard1j@mozilla.org,Female
Garrett Ariss,gariss1k@usda.gov,Genderqueer
Aldus Bonehill,abonehill1l@twitter.com,Genderfluid
Corette Maystone,cmaystone1m@utexas.edu,Agender
Arabel Joynt,ajoynt1n@bizjournals.com,Non-binary
Druci Coathup,dcoathup1o@meetup.com,Female
Yancy Record,yrecord1p@wikia.com,Agender
Daron Leivesley,dleivesley1q@wix.com,Bigender
Devon Moorrud,dmoorrud1r@springer.com,Male
Gusty Woolger,gwoolger1s@youtu.be,Non-binary
Herman Rothera,hrothera1t@npr.org,Polygender
Tedra Fiddiman,tfiddiman1u@jimdo.com,Bigender
Ludvig Gwilliam,lgwilliam1v@youku.com,Genderqueer
Reina Agastina,ragastina1w@a8.net,Genderfluid
Jandy Easlea,jeaslea1x@hud.gov,Genderqueer
Temple Matuska,tmatuska1y@homestead.com,Bigender
Aldo Erridge,aerridge1z@comcast.net,Genderqueer
Giacinta O'Dowgaine,godowgaine20@wix.com,Genderqueer
Anallese Britland,abritland21@posterous.com,Polygender
Nathan Boulden,nboulden22@imdb.com,Genderqueer
Viva Tremellan,vtremellan23@addtoany.com,Male
Oran Trineman,otrineman24@opensource.org,Genderfluid
Bethina Cranstoun,bcranstoun25@over-blog.com,Bigender
Sheffie Brave,sbrave26@etsy.com,Bigender
Melloney Oene,moene27@elegantthemes.com,Bigender
Modesty Premble,mpremble28@quantcast.com,Non-binary
Francis Aylmore,faylmore29@nhs.uk,Non-binary
Syman MacGarrity,smacgarrity2a@canalblog.com,Non-binary
Ariel Janowski,ajanowski2b@storify.com,Bigender
Avivah MacConchie,amacconchie2c@ihg.com,Genderqueer
Wilbur Hirthe,whirthe2d@mediafire.com,Non-binary
Shirl Bourdel,sbourdel2e@infoseek.co.jp,Genderfluid
Jemimah Dooland,jdooland2f@fotki.com,Genderfluid
Olvan Bachelar,obachelar2g@jigsy.com,Genderqueer
Mack Itscowics,mitscowics2h@shareasale.com,Genderqueer
Flinn Williamson,fwilliamson2i@dmoz.org,Male
Glynda Kimmitt,gkimmitt2j@arstechnica.com,Genderqueer
Lorelei Pochin,lpochin2k@bloglovin.com,Genderfluid
Ansley McLelland,amclelland2l@blogs.com,Male
Gianna Kroin,gkroin2m@google.co.uk,Female
Isidro Sculpher,isculpher2n@digg.com,Genderfluid
Joann Caesmans,jcaesmans2o@ibm.com,Genderfluid
Laurette Mallen,lmallen2p@topsy.com,Polygender
Chickie Boyles,cboyles2q@cornell.edu,Bigender
Cammi Stockhill,cstockhill2r@sogou.com,Polygender
Hussein Dunstall,hdunstall2s@about.me,Genderqueer
Florence Weavers,fweavers2t@goo.gl,Bigender
Dominic Raspin,draspin2u@uiuc.edu,Polygender
Fowler Hoyt,fhoyt2v@wunderground.com,Polygender
Fay Guerin,fguerin2w@accuweather.com,Polygender
Gilbertina Ingold,gingold2x@umn.edu,Agender
Myrlene Gilbanks,mgilbanks2y@google.pl,Polygender
Shepherd Andreutti,sandreutti2z@shinystat.com,Female
Sampson Chasmer,schasmer30@nasa.gov,Polygender
Kimmy Swiggs,kswiggs31@bandcamp.com,Male
Randall Cargen,rcargen32@dedecms.com,Genderfluid
Koral Sloy,ksloy33@feedburner.com,Genderfluid
Aldus Caff,acaff34@yolasite.com,Genderqueer
Edeline Hennington,ehennington35@businessinsider.com,Polygender
Briny Petz,bpetz36@feedburner.com,Bigender
Wat Barbrook,wbarbrook37@sfgate.com,Genderqueer
Philly Sangwine,psangwine38@state.tx.us,Bigender
Turner Myhill,tmyhill39@canalblog.com,Agender
Velma Suthren,vsuthren3a@mapy.cz,Genderfluid
Gwenneth Earthfield,gearthfield3b@dmoz.org,Male
Johnnie Oughton,joughton3c@tmall.com,Male
Frans McAlinden,fmcalinden3d@dailymotion.com,Genderfluid
Rosalinda Vanacci,rvanacci3e@google.pl,Genderfluid
Curr Simak,csimak3f@lulu.com,Bigender
Bartholomeo Breagan,bbreagan3g@dell.com,Agender
Asia Boller,aboller3h@google.com.au,Agender
Ignacio Saer,isaer3i@foxnews.com,Male
Leta Muzzini,lmuzzini3j@phoca.cz,Genderfluid
Chrystal Heaney`,cheaney3k@nba.com,Female
Corri Anthiftle,canthiftle3l@engadget.com,Bigender
Elna Mogey,emogey3m@usnews.com,Bigender
August Mettericke,amettericke3n@naver.com,Genderfluid
Ramona Iliffe,riliffe3o@ow.ly,Female
Iormina Duck,iduck3p@cornell.edu,Polygender
Klarrisa Barajas,kbarajas3q@reddit.com,Genderqueer
Annice Burgne,aburgne3r@msn.com,Agender
Gery Anfonsi,ganfonsi3s@archive.org,Bigender
Maible Robun,mrobun3t@columbia.edu,Male
Joli Stealfox,jstealfox3u@t.co,Polygender
Denver Giovanitti,dgiovanitti3v@artisteer.com,Genderfluid
Ardith Ramberg,aramberg3w@amazon.co.uk,Polygender
Richmond De L'Isle,rde3x@mysql.com,Male
Simone Sharrock,ssharrock3y@pen.io,Female
Mandel Bowsher,mbowsher3z@reverbnation.com,Genderfluid
Sarena Pinsent,spinsent40@redcross.org,Female
Moises Ivannikov,mivannikov41@google.es,Male
Jaimie Basham,jbasham42@dedecms.com,Genderfluid
Ailsun Ruppert,aruppert43@flickr.com,Male
Robina Tester,rtester44@usgs.gov,Male
Denice Bossons,dbossons45@shop-pro.jp,Genderfluid
Reilly Baldrey,rbaldrey46@blog.com,Polygender
Malena Jaouen,mjaouen47@acquirethisname.com,Agender
Tiff Gamblin,tgamblin48@histats.com,Genderfluid
Falito Mityushin,fmityushin49@epa.gov,Genderqueer
Evanne McCollum,emccollum4a@amazon.co.jp,Genderqueer
Jeffry Schelle,jschelle4b@51.la,Agender
Sidoney Bunstone,sbunstone4c@usatoday.com,Non-binary
Ranee Faloon,rfaloon4d@myspace.com,Agender
Imelda Titt,ititt4e@whitehouse.gov,Bigender
Cynthy Creffeild,ccreffeild4f@ow.ly,Agender
Ruben Wallentin,rwallentin4g@wordpress.com,Female
Lizbeth Harrap,lharrap4h@ezinearticles.com,Polygender
Darleen Woodman,dwoodman4i@zimbio.com,Male
Pietro Chaim,pchaim4j@pbs.org,Agender
Philip O'Grady,pogrady4k@goodreads.com,Male
Tiffi Euston,teuston4l@bloglovin.com,Agender
Keir Gosnell,kgosnell4m@nymag.com,Polygender
Quintina Swindell,qswindell4n@google.com.br,Genderfluid
Karoly Pryer,kpryer4o@engadget.com,Male
Huey Denizet,hdenizet4p@artisteer.com,Female
Tawnya Stanaway,tstanaway4q@nyu.edu,Bigender
Arthur Wolver,awolver4r@independent.co.uk,Polygender
Dewie Novotni,dnovotni4s@wikipedia.org,Agender
Portie Petticrow,ppetticrow4t@usgs.gov,Agender
Bjorn Hollibone,bhollibone4u@mediafire.com,Bigender
Currie Shoulders,cshoulders4v@jalbum.net,Polygender
Elyn Midford,emidford4w@over-blog.com,Female
Lukas De Haven,lde4x@gmpg.org,Male
Perrine Mercik,pmercik4y@goodreads.com,Polygender
Heath Francklin,hfrancklin4z@nih.gov,Bigender
Bettine Wallege,bwallege50@imageshack.us,Agender
Petunia Spilstead,pspilstead51@kickstarter.com,Female
Lynda Mumbeson,lmumbeson52@mlb.com,Genderfluid
Haleigh Braznell,hbraznell53@intel.com,Male
Zola Reade,zreade54@zimbio.com,Genderqueer
Mathe Benedit,mbenedit55@nydailynews.com,Bigender
Mabel Kaasman,mkaasman56@shareasale.com,Polygender
Bondie Simka,bsimka57@utexas.edu,Male
Howard Byneth,hbyneth58@europa.eu,Bigender
Ingemar Surfleet,isurfleet59@boston.com,Male
Annaliese Theodore,atheodore5a@dropbox.com,Genderqueer
Mira Patters,mpatters5b@ucoz.com,Female
Immanuel Musselwhite,imusselwhite5c@xrea.com,Male
Giraud Fraczak,gfraczak5d@princeton.edu,Genderfluid
Teddie Corona,tcorona5e@com.com,Agender
Sampson Gathercole,sgathercole5f@sitemeter.com,Male
See Hanley,shanley5g@google.es,Non-binary
Klara Joist,kjoist5h@biglobe.ne.jp,Genderfluid
Gloriana Vokins,gvokins5i@photobucket.com,Non-binary
Britte Manns,bmanns5j@seesaa.net,Non-binary
Levon Crosoer,lcrosoer5k@uiuc.edu,Male
Napoleon Sebborn,nsebborn5l@wikispaces.com,Non-binary
Charleen Drable,cdrable5m@surveymonkey.com,Female
Christabel Uzelli,cuzelli5n@mtv.com,Male
Claudius Cuppitt,ccuppitt5o@people.com.cn,Genderqueer
Denny Mayne,dmayne5p@google.cn,Polygender
Emmy Gounin,egounin5q@amazon.co.jp,Non-binary
Davine Clemitt,dclemitt5r@nih.gov,Polygender
Ted Scading,tscading5s@com.com,Genderfluid
Jerry Cherrison,jcherrison5t@wufoo.com,Female
Leo Rapson,lrapson5u@over-blog.com,Bigender
Jemima Mozzi,jmozzi5v@pagesperso-orange.fr,Female
Ransell Mardoll,rmardoll5w@google.co.jp,Non-binary
Rebeka Filler,rfiller5x@histats.com,Male
Dalt Phelan,dphelan5y@columbia.edu,Bigender
Lorant Blazi,lblazi5z@va.gov,Agender
Vickie Neylon,vneylon60@homestead.com,Bigender
Sharyl Barwick,sbarwick61@themeforest.net,Male
Hastings Riediger,hriediger62@miitbeian.gov.cn,Non-binary
April Burtonshaw,aburtonshaw63@nymag.com,Non-binary
Roseline Maddicks,rmaddicks64@github.io,Genderqueer
Danie Greenrod,dgreenrod65@gov.uk,Genderfluid
Tracy Gringley,tgringley66@4shared.com,Genderfluid
Pearce Wheelhouse,pwheelhouse67@ucoz.ru,Non-binary
Noll Remmer,nremmer68@zimbio.com,Bigender
Alvy Farge,afarge69@answers.com,Bigender
Georgianna Reedman,greedman6a@stanford.edu,Agender
Jacenta Cumberpatch,jcumberpatch6b@tamu.edu,Agender
Starr Pardi,spardi6c@independent.co.uk,Polygender
Moishe Kapiloff,mkapiloff6d@spiegel.de,Genderfluid
Deina Callaghan,dcallaghan6e@senate.gov,Genderqueer
Chantal Snalom,csnalom6f@123-reg.co.uk,Bigender
Augusta Inchcomb,ainchcomb6g@theglobeandmail.com,Female
Una Chaise,uchaise6h@example.com,Agender
Raddie Rabidge,rrabidge6i@themeforest.net,Male
Trace Baron,tbaron6j@friendfeed.com,Bigender
Alexandrina Ferran,aferran6k@samsung.com,Agender
Truman Normant,tnormant6l@spotify.com,Female
Emma Pedlar,epedlar6m@amazon.com,Female
Chrysa Strongman,cstrongman6n@ezinearticles.com,Genderqueer
Bartholomeo Moyes,bmoyes6o@xing.com,Male
Sela Scaddon,sscaddon6p@usnews.com,Polygender
Francis Attersoll,fattersoll6q@fastcompany.com,Female
Jerrine Dobsons,jdobsons6r@usgs.gov,Agender
Prisca Ploughwright,pploughwright6s@surveymonkey.com,Agender
Carmina Sieghard,csieghard6t@biglobe.ne.jp,Genderqueer
Boy Shankster,bshankster6u@imageshack.us,Non-binary
Ashlan Ambrosch,aambrosch6v@weather.com,Female
Julieta Drei,jdrei6w@blogspot.com,Genderfluid
Nady Vincent,nvincent6x@shop-pro.jp,Bigender
Norry Long,nlong6y@techcrunch.com,Polygender
Clay Shane,cshane6z@example.com,Bigender
Reggy Shawell,rshawell70@blog.com,Female
Morena Goodlad,mgoodlad71@springer.com,Male
Adel Minihane,aminihane72@booking.com,Genderqueer
Ella Lepard,elepard73@github.io,Female
Rhonda Kupper,rkupper74@princeton.edu,Female
Yvon Pallant,ypallant75@chronoengine.com,Female
Elden Darnell,edarnell76@eepurl.com,Non-binary
Waverly Trewhella,wtrewhella77@bluehost.com,Genderqueer
Grazia Fryman,gfryman78@booking.com,Genderfluid
Kerianne Eloi,keloi79@oaic.gov.au,Bigender
Jordain Lassetter,jlassetter7a@mashable.com,Genderqueer
Hermine Chastand,hchastand7b@typepad.com,Non-binary
Sal Napton,snapton7c@1688.com,Male
Lorinda Kynaston,lkynaston7d@sogou.com,Male
Brandi Helsby,bhelsby7e@wisc.edu,Genderfluid
Luelle Perigo,lperigo7f@businessinsider.com,Non-binary
Shaw Ruoff,sruoff7g@wix.com,Genderfluid
Skyler Marflitt,smarflitt7h@quantcast.com,Agender
Doralynn Trent,dtrent7i@goo.gl,Polygender
Constantin McConachie,cmcconachie7j@ycombinator.com,Genderfluid
Alfie Helks,ahelks7k@chicagotribune.com,Bigender
Jamey Prime,jprime7l@indiegogo.com,Agender
Mauricio Whiscard,mwhiscard7m@yolasite.com,Female
Deana Chieze,dchieze7n@imdb.com,Agender
Edita Cestard,ecestard7o@drupal.org,Female
Giulio Dellenbroker,gdellenbroker7p@photobucket.com,Female
Lulu Folbige,lfolbige7q@hibu.com,Agender
Gussi Maillard,gmaillard7r@ucla.edu,Female
Lesley Devas,ldevas7s@usgs.gov,Bigender
Reid Haulkham,rhaulkham7t@scribd.com,Bigender
Mimi Coit,mcoit7u@ftc.gov,Non-binary
Broddy Pounds,bpounds7v@techcrunch.com,Female
Phoebe Grimmolby,pgrimmolby7w@noaa.gov,Female
Emelyne Elliss,eelliss7x@exblog.jp,Genderfluid
Roobbie Branney,rbranney7y@scientificamerican.com,Non-binary
Shannan Chatan,schatan7z@ucsd.edu,Female
Carmelia Cary,ccary80@wordpress.com,Bigender
Eolande Bartlomieczak,ebartlomieczak81@1688.com,Female
Pryce Fairholm,pfairholm82@slideshare.net,Agender
Rowe Langtree,rlangtree83@ca.gov,Female
Maisie Sumers,msumers84@comcast.net,Polygender
Hubie Spavon,hspavon85@lycos.com,Non-binary
Padraic Barfitt,pbarfitt86@uol.com.br,Non-binary
Tanitansy Timmons,ttimmons87@google.fr,Genderfluid
Diandra Monketon,dmonketon88@howstuffworks.com,Male
Nichols Jandac,njandac89@freewebs.com,Non-binary
Elicia Tumpane,etumpane8a@dropbox.com,Bigender
Casper Parades,cparades8b@topsy.com,Genderfluid
Anastassia Harness,aharness8c@hatena.ne.jp,Polygender
Osborne Gurnee,ogurnee8d@usnews.com,Genderfluid
Siegfried Regus,sregus8e@prnewswire.com,Agender
Angy Howieson,ahowieson8f@addthis.com,Genderqueer
Corly Sanz,csanz8g@reuters.com,Genderqueer
Lauren Tilbury,ltilbury8h@constantcontact.com,Non-binary
Tammie Spadaro,tspadaro8i@cdc.gov,Polygender
Edythe Rawlcliffe,erawlcliffe8j@bing.com,Female
Alfy Gresswood,agresswood8k@wikimedia.org,Non-binary
Marthe Bosquet,mbosquet8l@goo.ne.jp,Female
Raddy Wolstencroft,rwolstencroft8m@omniture.com,Genderfluid
Tobiah Nardrup,tnardrup8n@t-online.de,Agender
Brod Tomini,btomini8o@comcast.net,Agender
Immanuel Glass,iglass8p@woothemes.com,Female
Chloette Rasch,crasch8q@mapquest.com,Bigender
Eilis Tattersdill,etattersdill8r@hao123.com,Agender
Cointon Gibby,cgibby8s@berkeley.edu,Polygender
Brantley Curston,bcurston8t@accuweather.com,Non-binary
Rea Dalli,rdalli8u@naver.com,Agender
Reggie Alphege,ralphege8v@cbc.ca,Genderqueer
Hilliard Weatherhogg,hweatherhogg8w@bravesites.com,Female
Robin Hengoed,rhengoed8x@springer.com,Genderqueer
Melita Nibley,mnibley8y@posterous.com,Non-binary
Mickey Bowland,mbowland8z@tripod.com,Genderqueer
Cammy Willetts,cwilletts90@discovery.com,Bigender
Aleece Bohman,abohman91@accuweather.com,Genderqueer
Misty Cattle,mcattle92@biblegateway.com,Non-binary
Moishe Durn,mdurn93@usa.gov,Bigender
Curr Natt,cnatt94@nymag.com,Female
Karissa Lambillion,klambillion95@com.com,Bigender
Hakeem Heisman,hheisman96@sbwire.com,Genderfluid
Angeline Gawke,agawke97@github.io,Female
Hope Aleksankin,haleksankin98@theglobeandmail.com,Agender
Garreth Loud,gloud99@nytimes.com,Genderfluid
Fernandina Dils,fdils9a@ted.com,Agender
Mickie Shimman,mshimman9b@goodreads.com,Polygender
Dukie Dibsdale,ddibsdale9c@jugem.jp,Genderqueer
Terry Mulhill,tmulhill9d@home.pl,Genderqueer
Britni Chisman,bchisman9e@ask.com,Bigender
Charlton Tinmouth,ctinmouth9f@java.com,Polygender
Durant Mayhow,dmayhow9g@bloomberg.com,Polygender
Goddard Dwyr,gdwyr9h@statcounter.com,Polygender
Olly Avison,oavison9i@accuweather.com,Genderqueer
Debbie Gleasane,dgleasane9j@wired.com,Non-binary
Byrle Grinnov,bgrinnov9k@google.ru,Female
Aubree Minget,aminget9l@google.ca,Female
Thedrick Siege,tsiege9m@github.com,Male
Regan Mitskevich,rmitskevich9n@zimbio.com,Male
Rosemonde Fairbard,rfairbard9o@go.com,Bigender
Brigham Vanns,bvanns9p@globo.com,Bigender
Harriet Vuitton,hvuitton9q@wikimedia.org,Polygender
Stephenie Chafer,schafer9r@apache.org,Female
Cammie Dearness,cdearness9s@bravesites.com,Genderqueer
Morgan Druett,mdruett9t@paypal.com,Genderqueer
Olimpia Pankhurst.,opankhurst9u@github.io,Genderfluid
Elvis Fowles,efowles9v@merriam-webster.com,Polygender
Damaris Madigan,dmadigan9w@1und1.de,Male
Imogene Lynde,ilynde9x@nasa.gov,Genderqueer
Dante Worters,dworters9y@mashable.com,Genderfluid
Rubi Jecock,rjecock9z@miitbeian.gov.cn,Genderqueer
Isak Lockyer,ilockyera0@taobao.com,Polygender
Killian Twydell,ktwydella1@howstuffworks.com,Non-binary
Craggy Heatherington,cheatheringtona2@usgs.gov,Agender
Denys Vannuccini,dvannuccinia3@sourceforge.net,Genderfluid
Mella McKeefry,mmckeefrya4@mail.ru,Genderqueer
Charley Cappell,ccappella5@apple.com,Female
Chad Meggison,cmeggisona6@youtu.be,Polygender
Shaylyn Enrique,senriquea7@google.ca,Genderfluid
Yoshiko Guage,yguagea8@businessweek.com,Male
Fanchette Grimsell,fgrimsella9@bluehost.com,Non-binary
Elita Vanichev,evanichevaa@joomla.org,Male
Jessica Mantione,jmantioneab@merriam-webster.com,Genderfluid
Leela Bragger,lbraggerac@tinypic.com,Male
Goldina Steffans,gsteffansad@reverbnation.com,Polygender
Victor Routhorn,vrouthornae@yellowbook.com,Genderqueer
Loreen Jean,ljeanaf@4shared.com,Female
Vaughn Sholem,vsholemag@va.gov,Non-binary
Far Iacovelli,fiacovelliah@fastcompany.com,Bigender
Andra Bunnell,abunnellai@ox.ac.uk,Bigender
Uta Casely,ucaselyaj@ycombinator.com,Female
Lani Whitlock,lwhitlockak@unc.edu,Bigender
Adora Petschelt,apetscheltal@deviantart.com,Bigender
Mufi Steabler,msteableram@apache.org,Genderfluid
Siouxie Oliva,solivaan@miitbeian.gov.cn,Female
Roxi Pedlingham,rpedlinghamao@apache.org,Non-binary
Cicely Mateo,cmateoap@soundcloud.com,Bigender
Sibylla Farnes,sfarnesaq@state.tx.us,Genderqueer
Jerad Attarge,jattargear@liveinternet.ru,Genderqueer
Barron Attwell,battwellas@bravesites.com,Genderfluid
Leland Tuffley,ltuffleyat@paginegialle.it,Genderfluid
Philis Joinson,pjoinsonau@businessinsider.com,Bigender
Aurlie Sparshott,asparshottav@wikipedia.org,Male
Mikkel Baptiste,mbaptisteaw@soup.io,Genderfluid
Sergent Normanton,snormantonax@joomla.org,Genderqueer
Welsh Wenman,wwenmanay@sogou.com,Genderfluid
Spike Attree,sattreeaz@jimdo.com,Agender
Shaine Coppard,scoppardb0@shareasale.com,Agender
Lilia Ladell,lladellb1@ucsd.edu,Non-binary
Annamaria Jirousek,ajirousekb2@time.com,Genderqueer
Pete Petri,ppetrib3@amazon.co.uk,Non-binary
Herman Limeburn,hlimeburnb4@msn.com,Female
Eloise Boden,ebodenb5@soundcloud.com,Non-binary
Pietro Welton,pweltonb6@wufoo.com,Genderfluid
Edgar Hillaby,ehillabyb7@csmonitor.com,Male
Arline Iannini,aianninib8@merriam-webster.com,Agender
Dorian Peedell,dpeedellb9@jugem.jp,Genderfluid
Ewan Bloxland,ebloxlandba@networksolutions.com,Agender
Washington Champneys,wchampneysbb@so-net.ne.jp,Bigender
Miquela Anfrey,manfreybc@oracle.com,Male
Enriqueta Blinerman,eblinermanbd@forbes.com,Non-binary
Frieda Glede,fgledebe@addthis.com,Bigender
Yvette Furtado,yfurtadobf@cocolog-nifty.com,Female
Osbourn Jovis,ojovisbg@alexa.com,Male
Lorilyn Piggins,lpigginsbh@csmonitor.com,Non-binary
Maxine Revey,mreveybi@desdev.cn,Agender
Aundrea Wakeley,awakeleybj@gizmodo.com,Bigender
Bobinette Gamlin,bgamlinbk@toplist.cz,Genderqueer
Vincenz Guidone,vguidonebl@squidoo.com,Agender
Graig Waterland,gwaterlandbm@alexa.com,Female
Erminie Bruckenthal,ebruckenthalbn@gmpg.org,Genderqueer
Karrah Lyenyng,klyenyngbo@cyberchimps.com,Male
Hort Sandells,hsandellsbp@linkedin.com,Female
Alisander Getch,agetchbq@nsw.gov.au,Genderfluid
Tudor De Filippis,tdebr@topsy.com,Genderfluid
Berkie Nicklinson,bnicklinsonbs@virginia.edu,Polygender
Hobey Huckett,hhuckettbt@ezinearticles.com,Female
Karylin Wardesworth,kwardesworthbu@wordpress.com,Bigender
Randal Saward,rsawardbv@washington.edu,Bigender
Celestia Hedde,cheddebw@wiley.com,Agender
Ive Gabbatiss,igabbatissbx@tmall.com,Genderqueer
Jock Gilcrist,jgilcristby@edublogs.org,Agender
Amandi Purdie,apurdiebz@microsoft.com,Bigender
Tessi Mansell,tmansellc0@cnn.com,Agender
Ranee Windeatt,rwindeattc1@lycos.com,Bigender
Cy Weir,cweirc2@google.com.au,Genderqueer
Templeton Swidenbank,tswidenbankc3@exblog.jp,Non-binary
Roselin Gaishson,rgaishsonc4@opensource.org,Agender
Hamil Brosel,hbroselc5@npr.org,Female
Angelita Mulran,amulranc6@facebook.com,Male
Blinni Skelhorne,bskelhornec7@typepad.com,Non-binary
Terrijo Schaffel,tschaffelc8@shinystat.com,Bigender
Angelica Tuddenham,atuddenhamc9@merriam-webster.com,Bigender
Fleurette Posen,fposenca@irs.gov,Agender
Delilah Pawlick,dpawlickcb@google.pl,Agender
Ferne Ewols,fewolscc@redcross.org,Genderfluid
Marji Thominga,mthomingacd@biblegateway.com,Genderqueer
Marsiella Libbis,mlibbisce@ed.gov,Genderqueer
Korey Berrycloth,kberryclothcf@auda.org.au,Non-binary
Ricoriki Hulles,rhullescg@cnn.com,Female
Zack Cicculi,zcicculich@livejournal.com,Polygender
Lynnet Commucci,lcommuccici@ftc.gov,Genderqueer
Ive Sennett,isennettcj@abc.net.au,Polygender
Rafaelita Patkin,rpatkinck@4shared.com,Genderqueer
Twyla Currao,tcurraocl@usnews.com,Genderfluid
Shelley McGrouther,smcgrouthercm@4shared.com,Agender
Dee dee Beneteau,ddeecn@themeforest.net,Genderfluid
Ike Cornuau,icornuauco@freewebs.com,Bigender
Claiborne Gisburn,cgisburncp@prweb.com,Agender
Shelby Gianiello,sgianiellocq@home.pl,Bigender
Kleon Mussalli,kmussallicr@hc360.com,Bigender
Fran Messam,fmessamcs@goo.ne.jp,Polygender
Lissa Pittson,lpittsonct@cam.ac.uk,Male
Dana Eslie,desliecu@bloglovin.com,Genderqueer
Chrisse Twitty,ctwittycv@printfriendly.com,Polygender
Eleni Minico,eminicocw@acquirethisname.com,Female
Viki MacCague,vmaccaguecx@google.ca,Genderqueer
Gardener Cokely,gcokelycy@webmd.com,Bigender
Drusy Cavee,dcaveecz@weather.com,Genderfluid
Aldon Coste,acosted0@imgur.com,Polygender
Mark Stancliffe,mstancliffed1@bloomberg.com,Male
Cristi Keitch,ckeitchd2@stumbleupon.com,Female
Alfred Maiklem,amaiklemd3@harvard.edu,Polygender
Jackqueline O' Finan,jod4@prweb.com,Agender
Casandra Scates,cscatesd5@eepurl.com,Agender
Reinaldos Balling,rballingd6@etsy.com,Non-binary
Kenon Basilone,kbasiloned7@blogs.com,Non-binary
Carita Audrey,caudreyd8@unblog.fr,Female
Lindie Resun,lresund9@i2i.jp,Female
Ginni Duggary,gduggaryda@unc.edu,Polygender
Rois McCarry,rmccarrydb@myspace.com,Non-binary
Wilburt Overpool,woverpooldc@flickr.com,Genderfluid
Wilhelmina Pecha,wpechadd@mlb.com,Genderqueer
Adler Abbie,aabbiede@booking.com,Female
Monika Hearsey,mhearseydf@rediff.com,Male
Sheffy Bambridge,sbambridgedg@blogtalkradio.com,Female
Korie Christescu,kchristescudh@163.com,Agender
Everard Gilston,egilstondi@wikipedia.org,Female
Roseanne Goult,rgoultdj@apple.com,Male
Dorise Cossons,dcossonsdk@deviantart.com,Male
Cristobal Olman,colmandl@weather.com,Agender
Andy Abys,aabysdm@free.fr,Agender
Alphard Hasloch,ahaslochdn@si.edu,Genderfluid
Ernaline Tween,etweendo@wisc.edu,Genderfluid
Giselle Thorburn,gthorburndp@utexas.edu,Bigender
Frances Pickburn,fpickburndq@symantec.com,Female
Stewart Humpatch,shumpatchdr@yandex.ru,Non-binary
Ebony Klink,eklinkds@tiny.cc,Agender
Faunie Rickards,frickardsdt@vimeo.com,Non-binary
Danette Chasier,dchasierdu@cornell.edu,Genderfluid
Barbey Phillpotts,bphillpottsdv@hatena.ne.jp,Genderqueer
Ax Pymer,apymerdw@wisc.edu,Genderfluid
Pearle Detoc,pdetocdx@smugmug.com,Non-binary
Cointon Robilart,crobilartdy@wikimedia.org,Male
Fredrick Tewkesberry,ftewkesberrydz@usnews.com,Genderfluid
Kacie Scarlet,kscarlete0@accuweather.com,Bigender
Sherwynd Corbet,scorbete1@ocn.ne.jp,Polygender
Thornie Dows,tdowse2@wufoo.com,Non-binary
Burk Walisiak,bwalisiake3@parallels.com,Non-binary
Ashlen Dutt,adutte4@admin.ch,Agender
Angelle Witchard,awitcharde5@nytimes.com,Genderfluid
Ulick Grishinov,ugrishinove6@wikimedia.org,Genderqueer
Juliette Di Biagi,jdie7@google.pl,Non-binary
Evin Abramof,eabramofe8@pcworld.com,Genderqueer
Annmaria Dolphin,adolphine9@cargocollective.com,Bigender
Bria Elwyn,belwynea@ow.ly,Genderqueer
Obie Gunstone,ogunstoneeb@bbc.co.uk,Bigender
Stephen Boothroyd,sboothroydec@histats.com,Genderqueer
Rozella Scallon,rscalloned@infoseek.co.jp,Female
Garnet Brear,gbrearee@statcounter.com,Bigender
Mallissa Horry,mhorryef@wisc.edu,Genderqueer
Winifield McGivena,wmcgivenaeg@dagondesign.com,Agender
Timotheus Kondrachenko,tkondrachenkoeh@istockphoto.com,Agender
Polly Dunthorn,pdunthornei@blogs.com,Agender
Mace Canon,mcanonej@ed.gov,Genderfluid
Lilyan Karppi,lkarppiek@amazon.com,Female
Zitella Barnsley,zbarnsleyel@buzzfeed.com,Genderfluid
Abramo Moneypenny,amoneypennyem@blog.com,Agender
Sherwin Korda,skordaen@va.gov,Agender
Buffy Cahey,bcaheyeo@zimbio.com,Bigender
Patrica Burkhill,pburkhillep@eepurl.com,Bigender
Brena Adacot,badacoteq@de.vu,Non-binary
Stephani Plenderleith,splenderleither@istockphoto.com,Polygender
Roddie Southcoat,rsouthcoates@princeton.edu,Female
Filia McVicar,fmcvicaret@barnesandnoble.com,Non-binary
Kippar Skyppe,kskyppeeu@wikipedia.org,Agender
Rachelle Goligher,rgoligherev@a8.net,Female
Malory Bogart,mbogartew@dailymotion.com,Genderfluid
Evelina Kann,ekannex@gravatar.com,Non-binary
Rutherford Maydway,rmaydwayey@cdc.gov,Polygender
Yolanda Guinane,yguinaneez@bigcartel.com,Female
Manny Clohisey,mclohiseyf0@so-net.ne.jp,Genderqueer
Ermanno Scardefield,escardefieldf1@clickbank.net,Genderqueer
Janie Oakshott,joakshottf2@mac.com,Non-binary
Thayne Orringe,torringef3@discovery.com,Male
Lexie Leggis,lleggisf4@google.co.jp,Non-binary
Fania Waylen,fwaylenf5@printfriendly.com,Male
Norris Dibbin,ndibbinf6@smugmug.com,Genderqueer
Kinny Brazear,kbrazearf7@businesswire.com,Bigender
Peyton Rubury,pruburyf8@imdb.com,Male
Michel Ottey,motteyf9@ftc.gov,Bigender
Paten Walaron,pwalaronfa@nifty.com,Male
Robbie Barzen,rbarzenfb@oaic.gov.au,Male
Roi Gater,rgaterfc@mtv.com,Female
Wood Forton,wfortonfd@csmonitor.com,Bigender
Gaby Faley,gfaleyfe@reverbnation.com,Male
Tyne Blinkhorn,tblinkhornff@plala.or.jp,Genderfluid
Jamil Corradeschi,jcorradeschifg@salon.com,Genderfluid
Amalea Taffie,ataffiefh@ucoz.ru,Male
Carlynne Swalwel,cswalwelfi@etsy.com,Genderqueer
Perla Dransfield,pdransfieldfj@squidoo.com,Polygender
Tasia Haney,thaneyfk@joomla.org,Bigender
Glyn Fraulo,gfraulofl@noaa.gov,Male
Kele Poacher,kpoacherfm@berkeley.edu,Male
Elora Garmanson,egarmansonfn@disqus.com,Male
Sansone Carr,scarrfo@prweb.com,Polygender
Tildi Senchenko,tsenchenkofp@npr.org,Female
Farica Gott,fgottfq@indiegogo.com,Non-binary
Tabbie Browncey,tbrownceyfr@51.la,Genderqueer
Joe Matteuzzi,jmatteuzzifs@bloomberg.com,Polygender
Garey Steptowe,gsteptoweft@ameblo.jp,Genderqueer
Winnie Sherel,wsherelfu@simplemachines.org,Non-binary
Blinni Robbeke,brobbekefv@marriott.com,Male
Trudy Willimott,twillimottfw@mapquest.com,Female
Anthony Carrel,acarrelfx@slashdot.org,Agender
Benedicta O'Hdirscoll,bohdirscollfy@nifty.com,Genderqueer
Kristel Bolderson,kboldersonfz@slideshare.net,Male
Forrester Moncreiff,fmoncreiffg0@artisteer.com,Genderfluid
Risa Cyphus,rcyphusg1@nationalgeographic.com,Non-binary
Maude Brumhead,mbrumheadg2@imgur.com,Non-binary
Elaine Campbell,ecampbellg3@cbsnews.com,Non-binary
Ryann Spradbrow,rspradbrowg4@narod.ru,Genderfluid
Alexina Redford,aredfordg5@amazon.de,Female
Alis Gowlett,agowlettg6@eepurl.com,Female
Bob Woodlands,bwoodlandsg7@chronoengine.com,Polygender
Lyle Kuhwald,lkuhwaldg8@pagesperso-orange.fr,Male
Rowen Fellibrand,rfellibrandg9@imageshack.us,Polygender
Jaquelin Purdie,jpurdiega@miibeian.gov.cn,Genderqueer
Cletus Mongin,cmongingb@foxnews.com,Agender
Herold Scouler,hscoulergc@rakuten.co.jp,Non-binary
Perry Sein,pseingd@indiegogo.com,Male
Rozalie Yusupov,ryusupovge@reddit.com,Male
Vaclav McClory,vmcclorygf@cafepress.com,Non-binary
Heddie Buswell,hbuswellgg@ebay.com,Genderqueer
Tybalt Pumphreys,tpumphreysgh@prlog.org,Agender
Joline Gurling,jgurlinggi@sbwire.com,Bigender
Rosy Prott,rprottgj@chron.com,Non-binary
Marti Belt,mbeltgk@over-blog.com,Non-binary
Rahal Rigardeau,rrigardeaugl@php.net,Female
Rosella George,rgeorgegm@163.com,Genderfluid
Breanne Foden,bfodengn@columbia.edu,Genderqueer
Fanny Scotland,fscotlandgo@godaddy.com,Polygender
Meredith Schorah,mschorahgp@cbsnews.com,Genderqueer
Claudetta Salvin,csalvingq@de.vu,Non-binary
Nanni Snelman,nsnelmangr@delicious.com,Genderfluid
Reena Slocom,rslocomgs@wikipedia.org,Agender
Trudie Morritt,tmorrittgt@bigcartel.com,Bigender
Joseph Edler,jedlergu@google.co.jp,Polygender
Isidro Spafford,ispaffordgv@photobucket.com,Female
Venita Montilla,vmontillagw@unblog.fr,Bigender
Koo Kubach,kkubachgx@myspace.com,Agender
Pinchas Piggen,ppiggengy@vinaora.com,Genderqueer
Teodora Bunning,tbunninggz@csmonitor.com,Male
Jan Samudio,jsamudioh0@etsy.com,Polygender
Aigneis McCamish,amccamishh1@cocolog-nifty.com,Bigender
Davidde Moubray,dmoubrayh2@multiply.com,Female
Papagena Vedekhov,pvedekhovh3@admin.ch,Female
Eleanore Giovannilli,egiovannillih4@ucla.edu,Genderfluid
Hakim Leuchars,hleucharsh5@answers.com,Bigender
Anabal Landsberg,alandsbergh6@drupal.org,Genderqueer
Christoph Hamerton,chamertonh7@123-reg.co.uk,Non-binary
Di Antonacci,dantonaccih8@mapquest.com,Polygender
Wyatan Spriddle,wspriddleh9@dmoz.org,Male
Andy Bradford,abradfordha@huffingtonpost.com,Bigender
Joni Geldeard,jgeldeardhb@liveinternet.ru,Male
Corey Carlan,ccarlanhc@fastcompany.com,Male
Rickert Borrington,rborringtonhd@princeton.edu,Polygender
Malina Seabrooke,mseabrookehe@yale.edu,Male
Svend Paulusch,spauluschhf@wikia.com,Genderqueer
Dulsea Sparke,dsparkehg@unicef.org,Bigender
Alric McInnerny,amcinnernyhh@wiley.com,Polygender
Remy Penton,rpentonhi@un.org,Non-binary
Jennilee Brassill,jbrassillhj@zimbio.com,Polygender
Elden Midson,emidsonhk@mozilla.com,Polygender
Floyd Stiger,fstigerhl@yolasite.com,Genderfluid
Ulberto Trimmell,utrimmellhm@huffingtonpost.com,Genderqueer
Minna Aldis,maldishn@flavors.me,Male
Gaelan Keedwell,gkeedwellho@shop-pro.jp,Bigender
Berri Laviste,blavistehp@cyberchimps.com,Non-binary
Arv Brisse,abrissehq@craigslist.org,Non-binary
Guillemette Kenton,gkentonhr@geocities.jp,Genderfluid
Dionisio Silverston,dsilverstonhs@furl.net,Genderfluid
Meghann Alderson,maldersonht@cargocollective.com,Polygender
Maegan Sinney,msinneyhu@clickbank.net,Agender
Udell Douris,udourishv@jimdo.com,Genderqueer
Raphael Welland,rwellandhw@de.vu,Polygender
Merla Dowey,mdoweyhx@bravesites.com,Non-binary
Mohandis Crawshaw,mcrawshawhy@loc.gov,Bigender
Cally Rennox,crennoxhz@unc.edu,Non-binary
Hollie Gilmore,hgilmorei0@ftc.gov,Genderfluid
Ford Gordon,fgordoni1@pbs.org,Genderfluid
Ashli Barnewelle,abarnewellei2@mail.ru,Male
Eliza Genty,egentyi3@nba.com,Polygender
Gwenore Donnan,gdonnani4@example.com,Bigender
Ivonne Hunter,ihunteri5@behance.net,Polygender
Guilbert Heigold,gheigoldi6@senate.gov,Agender
Asher McGeachy,amcgeachyi7@economist.com,Genderfluid
Fawne Kimmings,fkimmingsi8@dropbox.com,Agender
Linoel Cockshoot,lcockshooti9@admin.ch,Agender
Norman Hounsham,nhounshamia@nyu.edu,Bigender
Avery Colebeck,acolebeckib@theatlantic.com,Agender
Aluin Bawden,abawdenic@cnet.com,Polygender
Georges Beeby,gbeebyid@storify.com,Female
Hannah Bodicum,hbodicumie@imdb.com,Non-binary
Halli Slowcock,hslowcockif@jalbum.net,Genderqueer
Rolfe Salisbury,rsalisburyig@examiner.com,Genderqueer
Carmine Kirlin,ckirlinih@aol.com,Genderqueer
Burnard Ternent,bternentii@weebly.com,Agender
Opalina Bartoleyn,obartoleynij@furl.net,Non-binary
Tanney Gonnin,tgonninik@csmonitor.com,Genderfluid
Eugenia Patry,epatryil@edublogs.org,Agender
Venita Barthod,vbarthodim@omniture.com,Bigender
Debora Meharry,dmeharryin@phpbb.com,Non-binary
Eilis Hamsson,ehamssonio@aboutads.info,Female
Zaria Canellas,zcanellasip@ucsd.edu,Genderfluid
Ivette Limbourne,ilimbourneiq@usnews.com,Bigender
Jordan Costerd,jcosterdir@goodreads.com,Male
Bobina Hudleston,bhudlestonis@parallels.com,Non-binary
Stinky Darke,sdarkeit@infoseek.co.jp,Polygender
Klara Ferrarini,kferrariniiu@networkadvertising.org,Agender
Rosaleen McAndie,rmcandieiv@opera.com,Bigender
Milo Symcox,msymcoxiw@rambler.ru,Agender
Joshuah Gherardelli,jgherardelliix@hao123.com,Male
Hillyer Heggman,hheggmaniy@cargocollective.com,Genderfluid
Janet Kaley,jkaleyiz@51.la,Agender
Dolf Spykings,dspykingsj0@nature.com,Female
Ginnie Wilhelmy,gwilhelmyj1@github.com,Male
Ardra Shenton,ashentonj2@issuu.com,Agender
Renato Delia,rdeliaj3@discovery.com,Female
Callida Cicco,cciccoj4@yahoo.co.jp,Agender
Vally Kubicka,vkubickaj5@sun.com,Genderfluid
Celisse Yanele,cyanelej6@europa.eu,Non-binary
Odelle Voelker,ovoelkerj7@ebay.com,Non-binary
Bernhard Oboy,boboyj8@japanpost.jp,Bigender
Ase Braferton,abrafertonj9@ocn.ne.jp,Male
Jedidiah Berryann,jberryannja@ucla.edu,Agender
Taddeo McEllen,tmcellenjb@ucsd.edu,Agender
Arleyne Beuscher,abeuscherjc@forbes.com,Genderfluid
Marwin Ortler,mortlerjd@unblog.fr,Female
Robbert Scannell,rscannellje@csmonitor.com,Female
Reinhold Rymmer,rrymmerjf@springer.com,Bigender
Salomi Fellona,sfellonajg@domainmarket.com,Genderfluid
Georgianna Pretsell,gpretselljh@icq.com,Bigender
Shaun Kearey,skeareyji@slate.com,Genderfluid
Joceline Marke,jmarkejj@slashdot.org,Genderqueer
Hedda Boays,hboaysjk@paginegialle.it,Male
Gale Edmenson,gedmensonjl@tuttocitta.it,Male
Wallas Gaskoin,wgaskoinjm@vinaora.com,Genderqueer
Angelika Hitzschke,ahitzschkejn@bravesites.com,Agender
Angeline Ferrieri,aferrierijo@va.gov,Male
Faustine Petrusch,fpetruschjp@ehow.com,Female
Gearard Dadson,gdadsonjq@baidu.com,Polygender
Aurthur Carlick,acarlickjr@pcworld.com,Male
Moreen Paskin,mpaskinjs@163.com,Bigender
Cathrin Smorthwaite,csmorthwaitejt@cnn.com,Male
Pip Soutter,psoutterju@google.de,Male
Graehme Cobleigh,gcobleighjv@census.gov,Polygender
Rosetta Lindermann,rlindermannjw@tamu.edu,Genderqueer
Janeczka Emanulsson,jemanulssonjx@smugmug.com,Female
Lemuel Irnys,lirnysjy@harvard.edu,Non-binary
Loria Jearum,ljearumjz@exblog.jp,Male
Calley Peschka,cpeschkak0@topsy.com,Polygender
Vivyan Heelis,vheelisk1@ox.ac.uk,Non-binary
Bret Saich,bsaichk2@walmart.com,Non-binary
Forrester Barwood,fbarwoodk3@google.nl,Bigender
Curtis Van Merwe,cvank4@histats.com,Genderqueer
Kendre Cicerone,kciceronek5@nationalgeographic.com,Male
Lefty Woodrup,lwoodrupk6@jiathis.com,Polygender
Nikki Longo,nlongok7@vk.com,Male
Roseline McKintosh,rmckintoshk8@phoca.cz,Bigender
Ingelbert Maslen,imaslenk9@alibaba.com,Non-binary
Keenan Cyster,kcysterka@geocities.com,Non-binary
Rouvin Sollner,rsollnerkb@slashdot.org,Polygender
Michaella Norree,mnorreekc@webeden.co.uk,Male
Waylin Gething,wgethingkd@slashdot.org,Female
Therine Jardine,tjardineke@nifty.com,Bigender
Lauren Mabe,lmabekf@123-reg.co.uk,Female
Derron Rawes,draweskg@friendfeed.com,Polygender
Aigneis Honnan,ahonnankh@reuters.com,Female
Blondy Simmens,bsimmenski@oaic.gov.au,Polygender
Rusty Puden,rpudenkj@issuu.com,Non-binary
Buffy Beinke,bbeinkekk@amazon.com,Polygender
Aeriell Nickless,anicklesskl@gizmodo.com,Bigender
Jonah Brickham,jbrickhamkm@craigslist.org,Genderqueer
Flem Carbett,fcarbettkn@youtu.be,Polygender
Marv Frostdick,mfrostdickko@theatlantic.com,Non-binary
Letitia Hucker,lhuckerkp@dropbox.com,Female
Camey Tabor,ctaborkq@123-reg.co.uk,Non-binary
Rora Osgarby,rosgarbykr@myspace.com,Female
Cinderella Kalisz,ckaliszks@toplist.cz,Agender
Caddric McEniry,cmcenirykt@cnbc.com,Polygender
Annadiana Baccus,abaccusku@dmoz.org,Non-binary
Waring Wix,wwixkv@springer.com,Agender
Erena Salzburger,esalzburgerkw@flavors.me,Genderfluid
Ermanno Moberley,emoberleykx@ftc.gov,Genderqueer
Ario Simka,asimkaky@people.com.cn,Non-binary
Corby Swedeland,cswedelandkz@netlog.com,Genderqueer
Margy MacPaike,mmacpaikel0@naver.com,Bigender
Jory Tremathick,jtremathickl1@who.int,Female
Sadye Bodsworth,sbodsworthl2@discuz.net,Bigender
Celestine Jesteco,cjestecol3@bigcartel.com,Polygender
Torrie Peasnone,tpeasnonel4@sbwire.com,Bigender
Vivian Bray,vbrayl5@washingtonpost.com,Polygender
Matthew Moir,mmoirl6@redcross.org,Polygender
Norina Winterscale,nwinterscalel7@flickr.com,Genderqueer
Hettie Joyes,hjoyesl8@acquirethisname.com,Non-binary
Claiborn Yakolev,cyakolevl9@rakuten.co.jp,Genderfluid
Rowen Melan,rmelanla@washington.edu,Genderqueer
Mathilde Josefovic,mjosefoviclb@imgur.com,Bigender
Gunther Mushrow,gmushrowlc@instagram.com,Non-binary
Rosene Cavee,rcaveeld@discovery.com,Genderfluid
Lotta Beel,lbeelle@privacy.gov.au,Agender
Elicia Tamburo,etamburolf@fda.gov,Female
Paolo Shoubridge,pshoubridgelg@free.fr,Non-binary
Briny MacMenamy,bmacmenamylh@wix.com,Non-binary
Willy Picknett,wpicknettli@tripadvisor.com,Bigender
Margi Dible,mdiblelj@infoseek.co.jp,Non-binary
Zebulon Janoschek,zjanoscheklk@storify.com,Agender
Alistair Roseborough,aroseboroughll@slashdot.org,Bigender
Cate Parkins,cparkinslm@mail.ru,Agender
Rivi Ormerod,rormerodln@pen.io,Non-binary
Benyamin Gurry,bgurrylo@forbes.com,Genderfluid
Swen Moen,smoenlp@storify.com,Genderfluid
Codie Kentish,ckentishlq@pcworld.com,Non-binary
Basilio Duplan,bduplanlr@webnode.com,Male
Abey Broschke,abroschkels@pbs.org,Genderfluid
Findley Peasegood,fpeasegoodlt@harvard.edu,Bigender
Neill Donson,ndonsonlu@angelfire.com,Male
Kassie Parman,kparmanlv@ifeng.com,Polygender
Kelcey Christofle,kchristoflelw@bandcamp.com,Non-binary
Dimitri Lux,dluxlx@meetup.com,Male
Angelina Branche,abranchely@techcrunch.com,Bigender
Layney Conigsby,lconigsbylz@mashable.com,Polygender
Ira Armistead,iarmisteadm0@army.mil,Genderqueer
Ches Arrundale,carrundalem1@walmart.com,Non-binary
Gennifer Aleswell,galeswellm2@apache.org,Non-binary
Hayley Nevinson,hnevinsonm3@shinystat.com,Non-binary
Bobbie Kerner,bkernerm4@army.mil,Male
Tamarra Masters,tmastersm5@bloglovin.com,Bigender
Renault Burgwin,rburgwinm6@netscape.com,Male
Maurice Bruni,mbrunim7@woothemes.com,Agender
Juieta Beardsworth,jbeardsworthm8@miibeian.gov.cn,Bigender
Nikkie McGeachy,nmcgeachym9@wisc.edu,Non-binary
Fredek Musico,fmusicoma@patch.com,Non-binary
Gabriellia O'Gormley,gogormleymb@tamu.edu,Bigender
Audry Harriskine,aharriskinemc@answers.com,Genderfluid
Darrick MacTrustey,dmactrusteymd@e-recht24.de,Bigender
Annamaria Toffetto,atoffettome@technorati.com,Polygender
Annmaria Leafe,aleafemf@parallels.com,Bigender
Pembroke Forge,pforgemg@nbcnews.com,Male
Myrtice Woodall,mwoodallmh@wordpress.com,Non-binary
Truda Breydin,tbreydinmi@about.me,Non-binary
Hewie Davenell,hdavenellmj@nba.com,Non-binary
Austin Turrell,aturrellmk@phoca.cz,Female
Valera Somersett,vsomersettml@wikimedia.org,Male
Lowe Medford,lmedfordmm@guardian.co.uk,Male
Archibold Wyon,awyonmn@digg.com,Male
Vanya Croxton,vcroxtonmo@squarespace.com,Agender
Petronia Buesden,pbuesdenmp@mlb.com,Non-binary
Nicolai Coppock.,ncoppockmq@about.me,Polygender
Audrye Elldred,aelldredmr@uiuc.edu,Genderfluid
Steffane Thirkettle,sthirkettlems@about.com,Male
Loutitia Slarke,lslarkemt@plala.or.jp,Male
Archie Toseland,atoselandmu@auda.org.au,Male
Deedee Bourke,dbourkemv@eventbrite.com,Polygender
Tildy Josskovitz,tjosskovitzmw@nymag.com,Genderqueer
Wandis Proudman,wproudmanmx@latimes.com,Female
Hamlen Leetham,hleethammy@seesaa.net,Agender
Martyn Cashley,mcashleymz@theglobeandmail.com,Non-binary
Rozele Jansey,rjanseyn0@cnn.com,Polygender
Kelsy Giacomo,kgiacomon1@noaa.gov,Bigender
Bennie Palffrey,bpalffreyn2@51.la,Genderfluid
Hastie Roskrug,hroskrugn3@walmart.com,Non-binary
Caresa Footer,cfootern4@archive.org,Genderfluid
Korry Letchford,kletchfordn5@sciencedaily.com,Genderfluid
Melania Camsey,mcamseyn6@bloomberg.com,Genderfluid
Sophie Langworthy,slangworthyn7@gov.uk,Polygender
Mikol Tolefree,mtolefreen8@skyrock.com,Male
Gabriellia Slayny,gslaynyn9@odnoklassniki.ru,Male
Bryon Zold,bzoldna@ibm.com,Female
Seline Cakes,scakesnb@mozilla.org,Genderfluid
Darbie Ellery,dellerync@amazonaws.com,Non-binary
Cesare Freezor,cfreezornd@nhs.uk,Polygender
Tessi Poulsom,tpoulsomne@buzzfeed.com,Genderqueer
Maurine Fatharly,mfatharlynf@opera.com,Genderfluid
Thain Greeno,tgreenong@un.org,Polygender
Gibby Westphalen,gwestphalennh@discovery.com,Genderfluid
Nicolais Pomroy,npomroyni@patch.com,Bigender
Hester Aves,havesnj@aol.com,Polygender
Briant Andriveaux,bandriveauxnk@eepurl.com,Agender
Davidson Lusk,dlusknl@ucoz.com,Bigender
Evangelia Malmar,emalmarnm@weibo.com,Female
Staffard Solloway,ssollowaynn@wired.com,Male
Onida Sackett,osackettno@flickr.com,Male
Felic Halgarth,fhalgarthnp@blogspot.com,Agender
Bette-ann Tabourel,btabourelnq@opera.com,Polygender
Fanny Peyro,fpeyronr@163.com,Genderfluid
Winny Fante,wfantens@hibu.com,Bigender
Audra Tooher,atoohernt@1688.com,Female
Eal Goodayle,egoodaylenu@smugmug.com,Genderqueer
Esme Getty,egettynv@fc2.com,Female
Sybyl Okker,sokkernw@bbb.org,Female
Reinhold Lyfe,rlyfenx@un.org,Non-binary
Salem Revill,srevillny@histats.com,Non-binary
Bethena Dumphries,bdumphriesnz@wordpress.org,Genderqueer
Sherilyn Clowton,sclowtono0@usnews.com,Female
Betteann Kropach,bkropacho1@about.com,Non-binary
Gretchen Kruschev,gkruschevo2@geocities.com,Genderqueer
Carmon Machan,cmachano3@shareasale.com,Genderfluid
Marchelle Bowers,mbowerso4@reuters.com,Agender
Edithe Hutchins,ehutchinso5@1und1.de,Bigender
Hedda Cranney,hcranneyo6@51.la,Genderfluid
Nils Boon,nboono7@google.com.hk,Bigender
Halimeda Arden,hardeno8@naver.com,Genderfluid
Fons Puckrin,fpuckrino9@e-recht24.de,Genderfluid
Ker Wickett,kwickettoa@irs.gov,Female
Perl Tincknell,ptincknellob@scientificamerican.com,Non-binary
Garwin Abden,gabdenoc@discovery.com,Female
Lu Etheredge,letheredgeod@seattletimes.com,Polygender
Elvira Raubheim,eraubheimoe@squidoo.com,Non-binary
Bradly Partlett,bpartlettof@plala.or.jp,Genderfluid
Gwyn Van Salzberger,gvanog@skype.com,Genderqueer
Gothart McCaskill,gmccaskilloh@nationalgeographic.com,Polygender
Emelina Gosnall,egosnalloi@yahoo.com,Agender
Caz Jenne,cjenneoj@shutterfly.com,Genderqueer
Mari Crosoer,mcrosoerok@omniture.com,Polygender
Fredrika Jendricke,fjendrickeol@wunderground.com,Agender
Cob Sanchiz,csanchizom@latimes.com,Polygender
Kippar Leeke,kleekeon@cbc.ca,Male
Phip Grenter,pgrenteroo@biglobe.ne.jp,Bigender
Corbet O'Hogertie,cohogertieop@liveinternet.ru,Genderqueer
Ed Skarr,eskarroq@statcounter.com,Non-binary
Susy Belsher,sbelsheror@salon.com,Non-binary
Onofredo Kinchington,okinchingtonos@intel.com,Bigender
Dominick Smails,dsmailsot@cnn.com,Male
Karlotta Staker,kstakerou@friendfeed.com,Female
Jeffry Petrolli,jpetrolliov@dailymotion.com,Polygender
Jeri Kubista,jkubistaow@feedburner.com,Non-binary
Durant Lawman,dlawmanox@arstechnica.com,Bigender
Moshe Raymond,mraymondoy@shareasale.com,Female
Perl Denziloe,pdenziloeoz@cloudflare.com,Polygender
Cristabel Jiras,cjirasp0@statcounter.com,Bigender
Sibeal Wogdon,swogdonp1@thetimes.co.uk,Genderfluid
Willem Conibere,wconiberep2@hatena.ne.jp,Agender
Dawn Iapico,diapicop3@cdc.gov,Non-binary
Silvano Christie,schristiep4@foxnews.com,Polygender
Darbee Dutteridge,ddutteridgep5@fema.gov,Agender
Peter Yaxley,pyaxleyp6@google.cn,Non-binary
Charyl Sherman,cshermanp7@edublogs.org,Non-binary
Travers O'Loinn,toloinnp8@apache.org,Non-binary
Cordie Carvill,ccarvillp9@economist.com,Non-binary
Virginie Ludman,vludmanpa@arstechnica.com,Bigender
Efren Hayhurst,ehayhurstpb@forbes.com,Agender
Mersey Garmans,mgarmanspc@weather.com,Female
Ricki Huchot,rhuchotpd@symantec.com,Non-binary
Minnie Fossey,mfosseype@seesaa.net,Non-binary
Gaile Udden,guddenpf@dot.gov,Agender
Edna Gatlin,egatlinpg@accuweather.com,Non-binary
Christian Ridgers,cridgersph@behance.net,Female
Vernon Penhallurick,vpenhallurickpi@washingtonpost.com,Agender
Almeda Tweed,atweedpj@msn.com,Non-binary
Chuck Waghorn,cwaghornpk@amazon.com,Genderqueer
Kara Asple,kasplepl@dion.ne.jp,Male
Percival Povele,ppovelepm@who.int,Agender
Maynard Vardy,mvardypn@state.tx.us,Agender
Janeva Tideswell,jtideswellpo@blogs.com,Agender
Gerrilee Larive,glarivepp@sitemeter.com,Non-binary
Rhea Piddick,rpiddickpq@theguardian.com,Polygender
Frankie Linay,flinaypr@columbia.edu,Genderqueer
Alexei Shawley,ashawleyps@mit.edu,Genderqueer
Jesse Mathely,jmathelypt@prlog.org,Female
Bernie Muckloe,bmuckloepu@columbia.edu,Non-binary
Symon Duval,sduvalpv@opensource.org,Genderfluid
Dulce Woollin,dwoollinpw@360.cn,Bigender
Hendrik Croutear,hcroutearpx@thetimes.co.uk,Genderqueer
Hillard Komorowski,hkomorowskipy@geocities.jp,Genderfluid
Heida Bewicke,hbewickepz@gravatar.com,Female
Samaria Cull,scullq0@simplemachines.org,Bigender
Phineas Hustler,phustlerq1@amazon.co.uk,Genderfluid
Hammad Garriock,hgarriockq2@sakura.ne.jp,Genderfluid
Elysee Kunert,ekunertq3@typepad.com,Bigender
Chicky Sackes,csackesq4@imageshack.us,Female
Daniel Bastone,dbastoneq5@bizjournals.com,Genderfluid
Willem Fayers,wfayersq6@lulu.com,Non-binary
Dougy Quadrio,dquadrioq7@sohu.com,Female
Clayton Beyer,cbeyerq8@reverbnation.com,Polygender
Dillon Stannis,dstannisq9@simplemachines.org,Agender
Daria Kendal,dkendalqa@pen.io,Polygender
Vonni Blakely,vblakelyqb@shinystat.com,Genderfluid
Pia Tufts,ptuftsqc@google.pl,Genderqueer
Davide Shadrack,dshadrackqd@msn.com,Male
Gail Waldocke,gwaldockeqe@google.com,Non-binary
Humfrid Loffhead,hloffheadqf@wikispaces.com,Non-binary
Hetti Dahlen,hdahlenqg@ucsd.edu,Female
Devina Piddington,dpiddingtonqh@mac.com,Agender
Rick Ortelt,rorteltqi@goo.ne.jp,Male
Tandie Lazer,tlazerqj@baidu.com,Genderfluid
Myron Kundt,mkundtqk@japanpost.jp,Male
Arvin Sumsion,asumsionql@hao123.com,Male
Rozamond Shayler,rshaylerqm@digg.com,Genderqueer
Layne Godwyn,lgodwynqn@nhs.uk,Male
Thaddus Ericssen,tericssenqo@weebly.com,Female
Mureil Entreis,mentreisqp@miitbeian.gov.cn,Genderfluid
William Dales,wdalesqq@addtoany.com,Genderfluid
Garik Bumphrey,gbumphreyqr@theguardian.com,Genderfluid
Nanci Quail,nquailqs@businesswire.com,Genderqueer
Drona Spadollini,dspadolliniqt@slideshare.net,Genderfluid
Melantha Klaesson,mklaessonqu@google.de,Polygender
Athena Habbon,ahabbonqv@about.me,Polygender
Catlaina Cusiter,ccusiterqw@irs.gov,Agender
Violette Westmancoat,vwestmancoatqx@eventbrite.com,Female
Rheta Moncey,rmonceyqy@istockphoto.com,Genderfluid
Nicola Wroath,nwroathqz@taobao.com,Genderqueer
Hendrik Miskin,hmiskinr0@unc.edu,Genderqueer
Candida de Pinna,cder1@wikipedia.org,Male
Daniela Esgate,desgater2@dagondesign.com,Male
Karleen Turrell,kturrellr3@slate.com,Male
Katie Lebourn,klebournr4@diigo.com,Polygender
Omero Aicken,oaickenr5@moonfruit.com,Non-binary
Cahra Phette,cphetter6@mapquest.com,Agender
Fiona Rowan,frowanr7@hud.gov,Polygender
Christoffer Sweetlove,csweetlover8@booking.com,Polygender
Sarine Fennelly,sfennellyr9@ebay.co.uk,Bigender
Kanya Cregg,kcreggra@reverbnation.com,Genderfluid
Tine Hatje,thatjerb@gmpg.org,Agender
Florenza Wildor,fwildorrc@fema.gov,Genderqueer
Chantalle Lampett,clampettrd@wordpress.org,Genderfluid
Lev Eardley,leardleyre@amazon.co.jp,Bigender
Rourke Blackaller,rblackallerrf@pagesperso-orange.fr,Non-binary
Cam Anney,canneyrg@washingtonpost.com,Agender
Panchito Staniforth,pstaniforthrh@de.vu,Genderfluid
Andriana Middlemiss,amiddlemissri@ebay.com,Non-binary
Kiri Cathrae,kcathraerj@mapy.cz,Male
Donnie Oldacres,doldacresrk@digg.com,Genderfluid
Pietrek Pruce,pprucerl@jimdo.com,Genderqueer
Bourke Kelbie,bkelbierm@twitpic.com,Genderfluid
Elie Sapson,esapsonrn@blinklist.com,Polygender
Theodoric Seer,tseerro@bloglovin.com,Bigender
Milton Worden,mwordenrp@merriam-webster.com,Male
Malanie Sneath,msneathrq@usnews.com,Genderfluid
Merrily Gamlyn,mgamlynrr@purevolume.com,Bigender
